<TICKER>;<PER>;<DATE>;<TIME>;<OPEN>;<HIGH>;<LOW>;<CLOSE>;<VOL>
USDRUBF;60;20250901;080000;80.4;80.4;80.4;80.4;3
USDRUBF;60;20250901;090000;80.42;80.47;80.32;80.42;7548
USDRUBF;60;20250901;100000;80.42;80.48;80.3;80.46;12244
USDRUBF;60;20250901;110000;80.46;80.51;80.4;80.46;6589
USDRUBF;60;20250901;120000;80.47;80.52;80.42;80.48;5140
USDRUBF;60;20250901;130000;80.48;80.56;80.41;80.46;15063
USDRUBF;60;20250901;140000;80.46;80.49;80.41;80.45;6518
USDRUBF;60;20250901;150000;80.44;80.5;80.2;80.24;22689
USDRUBF;60;20250901;160000;80.23;80.41;80.21;80.31;10226
USDRUBF;60;20250901;170000;80.32;80.39;80.26;80.3;14730
USDRUBF;60;20250901;180000;80.31;80.33;80.24;80.27;10037
USDRUBF;60;20250901;190000;80.29;80.3;80.23;80.3;2055
USDRUBF;60;20250901;200000;80.29;80.3;80.27;80.29;602
USDRUBF;60;20250901;210000;80.29;80.29;80.2;80.23;5545
USDRUBF;60;20250901;220000;80.23;80.23;79.95;80.02;20199
USDRUBF;60;20250901;230000;80.02;80.06;79.94;80.06;7282
USDRUBF;60;20250902;080000;80.1;80.1;80.1;80.1;7
USDRUBF;60;20250902;090000;80.12;80.22;80.03;80.2;5738
USDRUBF;60;20250902;100000;80.21;80.58;80.17;80.54;23987
USDRUBF;60;20250902;110000;80.54;80.55;80.45;80.5;12180
USDRUBF;60;20250902;120000;80.5;80.58;80.47;80.55;8318
USDRUBF;60;20250902;130000;80.56;80.67;80.51;80.52;16445
USDRUBF;60;20250902;140000;80.52;80.61;80.51;80.54;5753
USDRUBF;60;20250902;150000;80.53;80.6;80.5;80.57;6639
USDRUBF;60;20250902;160000;80.58;80.62;80.5;80.5;3750
USDRUBF;60;20250902;170000;80.51;80.56;80.48;80.56;7466
USDRUBF;60;20250902;180000;80.56;80.61;80.53;80.59;5008
USDRUBF;60;20250902;190000;80.59;80.6;80.52;80.53;977
USDRUBF;60;20250902;200000;80.53;80.61;80.51;80.58;1417
USDRUBF;60;20250902;210000;80.56;80.58;80.48;80.53;2299
USDRUBF;60;20250902;220000;80.5;80.52;80.45;80.51;1944
USDRUBF;60;20250902;230000;80.52;80.63;80.52;80.55;3499
USDRUBF;60;20250903;080000;80.5;80.5;80.5;80.5;16
USDRUBF;60;20250903;090000;80.5;80.69;80.49;80.67;8372
USDRUBF;60;20250903;100000;80.65;80.87;80.63;80.8;24201
USDRUBF;60;20250903;110000;80.8;80.87;80.75;80.86;10166
USDRUBF;60;20250903;120000;80.86;80.94;80.79;80.92;12270
USDRUBF;60;20250903;130000;80.92;81.07;80.88;80.99;14646
USDRUBF;60;20250903;140000;80.98;81.04;80.85;80.88;12129
USDRUBF;60;20250903;150000;80.88;80.96;80.87;80.9;4702
USDRUBF;60;20250903;160000;80.89;80.95;80.85;80.93;6107
USDRUBF;60;20250903;170000;80.92;80.92;80.82;80.88;5687
USDRUBF;60;20250903;180000;80.88;80.95;80.81;80.91;7290
USDRUBF;60;20250903;190000;80.86;80.94;80.86;80.86;1561
USDRUBF;60;20250903;200000;80.87;80.93;80.86;80.91;880
USDRUBF;60;20250903;210000;80.93;80.96;80.81;80.81;3273
USDRUBF;60;20250903;220000;80.81;80.87;80.76;80.87;3638
USDRUBF;60;20250903;230000;80.87;80.91;80.8;80.89;1245
USDRUBF;60;20250904;080000;80.93;80.93;80.93;80.93;180
USDRUBF;60;20250904;090000;80.9;80.96;80.88;80.94;2783
USDRUBF;60;20250904;100000;80.93;81.17;80.93;81.08;19252
USDRUBF;60;20250904;110000;81.08;81.38;81.08;81.35;31418
USDRUBF;60;20250904;120000;81.36;81.46;81.3;81.33;12263
USDRUBF;60;20250904;130000;81.32;81.41;81.27;81.28;9582
USDRUBF;60;20250904;140000;81.28;81.32;81.19;81.31;12198
USDRUBF;60;20250904;150000;81.3;81.31;81.25;81.31;3753
USDRUBF;60;20250904;160000;81.31;81.32;81.25;81.29;4775
USDRUBF;60;20250904;170000;81.3;81.4;81.27;81.37;9264
USDRUBF;60;20250904;180000;81.36;81.42;81.35;81.38;5924
USDRUBF;60;20250904;190000;81.38;81.49;81.37;81.46;4161
USDRUBF;60;20250904;200000;81.46;81.48;81.41;81.42;2274
USDRUBF;60;20250904;210000;81.42;81.44;81.35;81.42;2399
USDRUBF;60;20250904;220000;81.4;81.42;81.39;81.41;807
USDRUBF;60;20250904;230000;81.41;81.42;81.39;81.39;770
USDRUBF;60;20250905;080000;81.39;81.39;81.39;81.39;56
USDRUBF;60;20250905;090000;81.39;81.46;81.25;81.36;11936
USDRUBF;60;20250905;100000;81.35;81.58;81.34;81.49;13178
USDRUBF;60;20250905;110000;81.48;81.63;81.48;81.54;33622
USDRUBF;60;20250905;120000;81.54;81.72;81.52;81.66;26164
USDRUBF;60;20250905;130000;81.67;81.74;81.64;81.67;13895
USDRUBF;60;20250905;140000;81.66;81.67;81.54;81.59;9556
USDRUBF;60;20250905;150000;81.59;81.59;81.48;81.5;8281
USDRUBF;60;20250905;160000;81.5;81.62;81.47;81.56;7614
USDRUBF;60;20250905;170000;81.55;81.69;81.54;81.65;17796
USDRUBF;60;20250905;180000;81.65;81.71;81.63;81.66;9398
USDRUBF;60;20250905;190000;81.65;81.72;81.65;81.67;2093
USDRUBF;60;20250905;200000;81.66;81.67;81.65;81.67;473
USDRUBF;60;20250905;210000;81.66;81.7;81.66;81.7;885
USDRUBF;60;20250905;220000;81.7;81.7;81.66;81.68;586
USDRUBF;60;20250905;230000;81.69;81.71;81.66;81.71;3104
USDRUBF;60;20250908;080000;81.71;81.71;81.71;81.71;263
USDRUBF;60;20250908;090000;81.71;82.05;81.67;81.91;25541
USDRUBF;60;20250908;100000;81.91;82.2;81.9;82.06;27457
USDRUBF;60;20250908;110000;82.06;82.07;81.96;81.99;13459
USDRUBF;60;20250908;120000;81.99;82.17;81.98;82.11;21551
USDRUBF;60;20250908;130000;82.1;82.16;82.09;82.14;12512
USDRUBF;60;20250908;140000;82.14;82.2;82.12;82.17;7911
USDRUBF;60;20250908;150000;82.17;82.44;82.17;82.35;30925
USDRUBF;60;20250908;160000;82.35;82.51;82.33;82.44;23900
USDRUBF;60;20250908;170000;82.44;82.72;82.41;82.63;45542
USDRUBF;60;20250908;180000;82.64;83.18;82.62;82.91;69421
USDRUBF;60;20250908;190000;82.9;83.03;82.82;83.01;18069
USDRUBF;60;20250908;200000;83.01;83.19;83.01;83.12;7506
USDRUBF;60;20250908;210000;83.11;83.16;83.07;83.09;6224
USDRUBF;60;20250908;220000;83.08;83.17;83.07;83.16;10773
USDRUBF;60;20250908;230000;83.17;83.18;83.13;83.17;1164
USDRUBF;60;20250909;080000;83.19;83.19;83.19;83.19;150
USDRUBF;60;20250909;090000;83.17;83.41;83.14;83.27;40729
USDRUBF;60;20250909;100000;83.27;83.63;83.26;83.54;57950
USDRUBF;60;20250909;110000;83.53;83.75;83.53;83.72;54029
USDRUBF;60;20250909;120000;83.72;83.72;83.47;83.52;21201
USDRUBF;60;20250909;130000;83.52;83.71;83.5;83.6;19310
USDRUBF;60;20250909;140000;83.6;83.94;83.6;83.94;39522
USDRUBF;60;20250909;150000;83.94;84.18;83.87;84.15;34974
USDRUBF;60;20250909;160000;84.13;84.13;83.73;83.98;30977
USDRUBF;60;20250909;170000;83.98;84.13;83.85;83.89;36124
USDRUBF;60;20250909;180000;83.89;84.01;83.84;83.96;21977
USDRUBF;60;20250909;190000;84.01;84.13;83.92;84;19337
USDRUBF;60;20250909;200000;83.99;84.03;83.92;84.01;3719
USDRUBF;60;20250909;210000;84.02;84.12;84.01;84.11;2576
USDRUBF;60;20250909;220000;84.12;84.19;84.03;84.08;6350
USDRUBF;60;20250909;230000;84.08;84.14;84.04;84.04;1535
USDRUBF;60;20250910;090000;84.05;84.34;84.05;84.28;25608
USDRUBF;60;20250910;100000;84.3;85.1;84.29;85.07;58522
USDRUBF;60;20250910;110000;85.07;85.27;84.89;85.03;51039
USDRUBF;60;20250910;120000;85.03;85.15;84.87;85.1;20815
USDRUBF;60;20250910;130000;85.11;85.19;84.93;85.1;21290
USDRUBF;60;20250910;140000;85.1;85.13;84.93;84.93;13824
USDRUBF;60;20250910;150000;84.93;84.95;84.62;84.66;34633
USDRUBF;60;20250910;160000;84.66;84.8;84.56;84.73;22547
USDRUBF;60;20250910;170000;84.73;85.06;84.7;85.05;26759
USDRUBF;60;20250910;180000;85.05;85.18;84.96;85.09;23540
USDRUBF;60;20250910;190000;85;85.19;85;85.06;5761
USDRUBF;60;20250910;200000;85.04;85.08;84.98;85.01;4196
USDRUBF;60;20250910;210000;85;85.19;85;85.19;3339
USDRUBF;60;20250910;220000;85.18;85.24;85.08;85.1;3267
USDRUBF;60;20250910;230000;85.1;85.44;85.1;85.3;3090
USDRUBF;60;20250911;080000;85.38;85.38;85.38;85.38;12
USDRUBF;60;20250911;090000;85.35;85.54;85.11;85.5;38011
USDRUBF;60;20250911;100000;85.51;85.98;85.3;85.31;87583
USDRUBF;60;20250911;110000;85.32;85.39;84.6;85.2;89522
USDRUBF;60;20250911;120000;85.2;85.35;85.04;85.27;31454
USDRUBF;60;20250911;130000;85.28;85.35;85.13;85.13;23328
USDRUBF;60;20250911;140000;85.14;85.2;84.78;85.15;52703
USDRUBF;60;20250911;150000;85.16;85.26;85.09;85.22;16872
USDRUBF;60;20250911;160000;85.2;85.27;85.1;85.1;20777
USDRUBF;60;20250911;170000;85.1;85.67;85.09;85.57;56347
USDRUBF;60;20250911;180000;85.57;85.74;85.44;85.48;28574
USDRUBF;60;20250911;190000;85.45;85.47;85.22;85.39;13608
USDRUBF;60;20250911;200000;85.38;85.44;85.32;85.34;3690
USDRUBF;60;20250911;210000;85.33;85.38;85.26;85.32;5034
USDRUBF;60;20250911;220000;85.31;85.33;85.3;85.32;870
USDRUBF;60;20250911;230000;85.32;85.33;85.28;85.33;1940
USDRUBF;60;20250912;080000;85.33;85.33;85.33;85.33;260
USDRUBF;60;20250912;090000;85.35;85.69;85.33;85.45;23721
USDRUBF;60;20250912;100000;85.45;85.58;85.02;85.06;48395
USDRUBF;60;20250912;110000;85.06;85.08;84.82;85.01;46909
USDRUBF;60;20250912;120000;85.01;85.11;84.86;84.99;28220
USDRUBF;60;20250912;130000;85;85.12;84.3;84.41;83995
USDRUBF;60;20250912;140000;84.39;84.39;83.97;84.2;65891
USDRUBF;60;20250912;150000;84.19;84.45;84.04;84.42;48622
USDRUBF;60;20250912;160000;84.42;84.44;84.34;84.35;10747
USDRUBF;60;20250912;170000;84.36;84.4;84.08;84.08;36599
USDRUBF;60;20250912;180000;84.09;84.16;84.03;84.09;33071
USDRUBF;60;20250912;190000;84.1;84.36;84.09;84.23;14090
USDRUBF;60;20250912;200000;84.23;84.25;84.12;84.18;2790
USDRUBF;60;20250912;210000;84.19;84.24;84.13;84.23;1869
USDRUBF;60;20250912;220000;84.21;84.3;84.19;84.21;2912
USDRUBF;60;20250912;230000;84.21;84.24;84.16;84.19;1535
USDRUBF;60;20250915;080000;84.09;84.09;84.09;84.09;205
USDRUBF;60;20250915;090000;84.11;84.2;83.62;83.85;31048
USDRUBF;60;20250915;100000;83.85;83.87;83.42;83.56;37001
USDRUBF;60;20250915;110000;83.55;83.59;83.07;83.07;21668
USDRUBF;60;20250915;120000;83.08;83.22;82.65;82.75;40227
USDRUBF;60;20250915;130000;82.75;83.15;82.7;82.88;40117
USDRUBF;60;20250915;140000;82.86;83.04;82.73;83.03;27787
USDRUBF;60;20250915;150000;83.02;83.17;82.78;82.8;26560
USDRUBF;60;20250915;160000;82.8;83.12;82.8;82.91;19699
USDRUBF;60;20250915;170000;82.92;83;82.79;82.95;26606
USDRUBF;60;20250915;180000;82.96;83;82.89;82.91;9051
USDRUBF;60;20250915;190000;82.94;83;82.87;82.9;6084
USDRUBF;60;20250915;200000;82.9;82.93;82.87;82.9;1546
USDRUBF;60;20250915;210000;82.9;82.91;82.82;82.88;2628
USDRUBF;60;20250915;220000;82.88;82.9;82.85;82.88;758
USDRUBF;60;20250915;230000;82.88;82.92;82.8;82.89;3128
USDRUBF;60;20250916;080000;82.79;82.79;82.79;82.79;59
USDRUBF;60;20250916;090000;82.78;82.89;82.39;82.61;23898
USDRUBF;60;20250916;100000;82.58;83.32;82.4;83.08;55641
USDRUBF;60;20250916;110000;83.09;83.14;82.83;82.89;22453
USDRUBF;60;20250916;120000;82.88;83.09;82.66;83.06;35170
USDRUBF;60;20250916;130000;83.06;83.23;83.02;83.16;18699
USDRUBF;60;20250916;140000;83.16;83.21;83.04;83.12;11483
USDRUBF;60;20250916;150000;83.12;83.37;83.1;83.29;18185
USDRUBF;60;20250916;160000;83.3;83.62;83.28;83.56;21389
USDRUBF;60;20250916;170000;83.57;83.59;83.2;83.35;25186
USDRUBF;60;20250916;180000;83.35;83.35;83.13;83.2;12959
USDRUBF;60;20250916;190000;83.25;83.34;83.15;83.28;4516
USDRUBF;60;20250916;200000;83.27;83.3;83.25;83.28;1524
USDRUBF;60;20250916;210000;83.26;83.3;83.24;83.29;551
USDRUBF;60;20250916;220000;83.3;83.3;83.24;83.25;1187
USDRUBF;60;20250916;230000;83.24;83.26;83.22;83.22;562
USDRUBF;60;20250917;080000;83.27;83.27;83.27;83.27;20
USDRUBF;60;20250917;090000;83.27;83.42;83.19;83.42;9037
USDRUBF;60;20250917;100000;83.42;83.82;83.36;83.5;24139
USDRUBF;60;20250917;110000;83.49;83.52;83.19;83.27;21853
USDRUBF;60;20250917;120000;83.27;83.41;83.25;83.34;10339
USDRUBF;60;20250917;130000;83.34;83.44;83.27;83.41;11248
USDRUBF;60;20250917;140000;83.4;83.48;83.35;83.4;8877
USDRUBF;60;20250917;150000;83.41;83.56;83.36;83.49;16677
USDRUBF;60;20250917;160000;83.48;83.52;83.41;83.47;9067
USDRUBF;60;20250917;170000;83.47;83.55;83.4;83.41;15819
USDRUBF;60;20250917;180000;83.41;83.41;83.29;83.35;10617
USDRUBF;60;20250917;190000;83.35;83.56;83.35;83.55;7059
USDRUBF;60;20250917;200000;83.55;83.62;83.53;83.54;4489
USDRUBF;60;20250917;210000;83.54;83.56;83.43;83.51;6435
USDRUBF;60;20250917;220000;83.5;83.59;83.49;83.56;1489
USDRUBF;60;20250917;230000;83.59;83.79;83.58;83.7;2841
USDRUBF;60;20250918;080000;83.8;83.8;83.8;83.8;100
USDRUBF;60;20250918;090000;83.79;83.87;83.62;83.76;13905
USDRUBF;60;20250918;100000;83.76;83.79;83.6;83.62;21846
USDRUBF;60;20250918;110000;83.62;83.63;83.17;83.27;38415
USDRUBF;60;20250918;120000;83.27;83.6;83.26;83.47;33601
USDRUBF;60;20250918;130000;83.47;83.5;83.25;83.31;22594
USDRUBF;60;20250918;140000;83.3;83.38;83.25;83.37;15894
USDRUBF;60;20250918;150000;83.38;83.39;83.26;83.31;10576
USDRUBF;60;20250918;160000;83.31;83.48;83.27;83.44;18181
USDRUBF;60;20250918;170000;83.44;83.62;83.31;83.53;24537
USDRUBF;60;20250918;180000;83.55;83.62;83.42;83.49;14216
USDRUBF;60;20250918;190000;83.5;83.7;83.49;83.62;8678
USDRUBF;60;20250918;200000;83.63;83.78;83.59;83.74;3133
USDRUBF;60;20250918;210000;83.74;83.76;83.6;83.69;4517
USDRUBF;60;20250918;220000;83.67;83.69;83.58;83.62;943
USDRUBF;60;20250918;230000;83.62;83.66;83.59;83.62;837
USDRUBF;60;20250919;080000;83.62;83.62;83.62;83.62;62
USDRUBF;60;20250919;090000;83.63;83.74;83.61;83.71;4300
USDRUBF;60;20250919;100000;83.71;83.71;83.46;83.53;19887
USDRUBF;60;20250919;110000;83.53;83.86;83.47;83.79;23900
USDRUBF;60;20250919;120000;83.79;83.94;83.76;83.84;23359
USDRUBF;60;20250919;130000;83.85;83.92;83.78;83.89;12307
USDRUBF;60;20250919;140000;83.89;83.9;83.66;83.76;10524
USDRUBF;60;20250919;150000;83.76;83.76;83.61;83.69;9731
USDRUBF;60;20250919;160000;83.68;83.68;83.55;83.6;8050
USDRUBF;60;20250919;170000;83.6;83.71;83.5;83.66;19141
USDRUBF;60;20250919;180000;83.66;83.77;83.66;83.71;12655
USDRUBF;60;20250919;190000;83.73;83.89;83.71;83.79;7174
USDRUBF;60;20250919;200000;83.8;83.88;83.78;83.78;2300
USDRUBF;60;20250919;210000;83.8;83.84;83.76;83.82;2561
USDRUBF;60;20250919;220000;83.81;83.84;83.75;83.79;762
USDRUBF;60;20250919;230000;83.77;83.82;83.72;83.73;1084
USDRUBF;60;20250922;080000;83.75;83.75;83.75;83.75;41
USDRUBF;60;20250922;090000;83.75;83.92;83.74;83.8;8500
USDRUBF;60;20250922;100000;83.8;84.1;83.77;83.95;34380
USDRUBF;60;20250922;110000;83.94;83.95;83.78;83.86;13568
USDRUBF;60;20250922;120000;83.85;83.89;83.81;83.85;7520
USDRUBF;60;20250922;130000;83.85;83.87;83.65;83.72;19270
USDRUBF;60;20250922;140000;83.71;83.81;83.68;83.75;9844
USDRUBF;60;20250922;150000;83.75;83.9;83.64;83.85;11302
USDRUBF;60;20250922;160000;83.86;83.87;83.79;83.82;8330
USDRUBF;60;20250922;170000;83.82;83.83;83.56;83.78;27655
USDRUBF;60;20250922;180000;83.78;84.01;83.72;83.98;52527
USDRUBF;60;20250922;190000;83.95;83.96;83.86;83.96;5104
USDRUBF;60;20250922;200000;83.96;83.97;83.91;83.91;1304
USDRUBF;60;20250922;210000;83.92;83.97;83.92;83.97;1990
USDRUBF;60;20250922;220000;83.96;83.96;83.95;83.95;2267
USDRUBF;60;20250922;230000;83.95;83.97;83.94;83.95;1578
USDRUBF;60;20250923;080000;83.98;83.98;83.98;83.98;6
USDRUBF;60;20250923;090000;83.99;84;83.83;83.88;9464
USDRUBF;60;20250923;100000;83.88;83.96;83.59;83.66;25353
USDRUBF;60;20250923;110000;83.66;83.66;83.44;83.6;16428
USDRUBF;60;20250923;120000;83.61;83.79;83.53;83.75;13165
USDRUBF;60;20250923;130000;83.76;84.09;83.72;84.05;30879
USDRUBF;60;20250923;140000;84.04;84.05;83.93;83.99;11384
USDRUBF;60;20250923;150000;83.98;84.08;83.89;83.93;7312
USDRUBF;60;20250923;160000;83.93;83.99;83.86;83.93;8283
USDRUBF;60;20250923;170000;83.93;83.93;83.73;83.81;30668
USDRUBF;60;20250923;180000;83.8;83.83;83.67;83.81;23471
USDRUBF;60;20250923;190000;83.83;83.97;83.8;83.86;5416
USDRUBF;60;20250923;200000;83.85;83.89;83.84;83.88;1023
USDRUBF;60;20250923;210000;83.88;83.94;83.84;83.94;1373
USDRUBF;60;20250923;220000;83.94;84.36;83.92;84.25;30399
USDRUBF;60;20250923;230000;84.26;84.32;84.19;84.25;5301
USDRUBF;60;20250924;080000;84.26;84.26;84.26;84.26;62
USDRUBF;60;20250924;090000;84.25;84.29;84.08;84.27;11099
USDRUBF;60;20250924;100000;84.28;84.41;84.03;84.03;26397
USDRUBF;60;20250924;110000;84.03;84.17;84;84.08;11287
USDRUBF;60;20250924;120000;84.07;84.12;83.9;83.92;12344
USDRUBF;60;20250924;130000;83.92;84;83.78;83.82;19970
USDRUBF;60;20250924;140000;83.81;83.85;83.71;83.83;20036
USDRUBF;60;20250924;150000;83.83;83.88;83.74;83.78;25033
USDRUBF;60;20250924;160000;83.78;83.82;83.64;83.67;20237
USDRUBF;60;20250924;170000;83.68;84.04;83.67;84.01;35189
USDRUBF;60;20250924;180000;84;84.03;83.82;83.88;10652
USDRUBF;60;20250924;190000;83.93;83.98;83.86;83.87;3115
USDRUBF;60;20250924;200000;83.87;83.87;83.81;83.85;809
USDRUBF;60;20250924;210000;83.85;83.89;83.82;83.86;2023
USDRUBF;60;20250924;220000;83.86;83.95;83.86;83.91;2142
USDRUBF;60;20250924;230000;83.94;83.97;83.85;83.85;2067
USDRUBF;60;20250925;090000;83.87;83.98;83.75;83.85;8911
USDRUBF;60;20250925;100000;83.85;84.05;83.68;83.9;32006
USDRUBF;60;20250925;110000;83.91;84.04;83.89;83.96;11832
USDRUBF;60;20250925;120000;83.96;84.02;83.93;83.97;4777
USDRUBF;60;20250925;130000;83.97;84.19;83.96;84.17;16062
USDRUBF;60;20250925;140000;84.17;84.23;84.08;84.17;12706
USDRUBF;60;20250925;150000;84.17;84.2;84.07;84.12;11943
USDRUBF;60;20250925;160000;84.12;84.18;84.07;84.18;5314
USDRUBF;60;20250925;170000;84.17;84.28;84.15;84.21;25067
USDRUBF;60;20250925;180000;84.21;84.22;84.06;84.1;11730
USDRUBF;60;20250925;190000;84.13;84.2;83.96;83.98;14013
USDRUBF;60;20250925;200000;83.98;84.07;83.85;83.99;11120
USDRUBF;60;20250925;210000;83.98;84.13;83.96;84.04;5125
USDRUBF;60;20250925;220000;84.04;84.05;83.97;84.03;1087
USDRUBF;60;20250925;230000;84.02;84.06;83.98;83.99;983
USDRUBF;60;20250926;080000;84;84;84;84;6
USDRUBF;60;20250926;090000;83.98;84.09;83.98;84.03;3824
USDRUBF;60;20250926;100000;84.03;84.04;83.83;83.91;18425
USDRUBF;60;20250926;110000;83.9;83.96;83.85;83.93;7099
USDRUBF;60;20250926;120000;83.93;83.96;83.83;83.87;11781
USDRUBF;60;20250926;130000;83.86;83.89;83.71;83.8;21654
USDRUBF;60;20250926;140000;83.8;83.99;83.76;83.89;20431
USDRUBF;60;20250926;150000;83.89;83.94;83.83;83.86;7037
USDRUBF;60;20250926;160000;83.87;83.9;83.8;83.84;4697
USDRUBF;60;20250926;170000;83.84;83.85;83.46;83.48;26046
USDRUBF;60;20250926;180000;83.48;83.51;83.27;83.34;40222
USDRUBF;60;20250926;190000;83.43;83.58;83.35;83.41;12645
USDRUBF;60;20250926;200000;83.41;83.49;83.41;83.46;2300
USDRUBF;60;20250926;210000;83.47;83.56;83.44;83.49;2090
USDRUBF;60;20250926;220000;83.48;83.49;83.35;83.47;2687
USDRUBF;60;20250926;230000;83.47;83.52;83.45;83.51;1304
USDRUBF;60;20250929;080000;83.45;83.45;83.45;83.45;101
USDRUBF;60;20250929;090000;83.46;83.56;83.4;83.47;12463
USDRUBF;60;20250929;100000;83.47;83.47;83.06;83.18;32944
USDRUBF;60;20250929;110000;83.18;83.25;83.1;83.2;10297
USDRUBF;60;20250929;120000;83.2;83.24;83.13;83.22;10022
USDRUBF;60;20250929;130000;83.22;83.26;83.11;83.13;14411
USDRUBF;60;20250929;140000;83.13;83.14;82.93;83.05;19259
USDRUBF;60;20250929;150000;83.05;83.21;83.04;83.2;12734
USDRUBF;60;20250929;160000;83.21;83.22;83;83;8257
USDRUBF;60;20250929;170000;83.01;83.04;82.82;82.83;19463
USDRUBF;60;20250929;180000;82.83;82.98;82.75;82.87;15057
USDRUBF;60;20250929;190000;82.95;83.16;82.91;83.12;7027
USDRUBF;60;20250929;200000;83.11;83.11;82.96;83.01;2557
USDRUBF;60;20250929;210000;83;83.04;82.92;83.02;3242
USDRUBF;60;20250929;220000;83.02;83.06;83.02;83.04;599
USDRUBF;60;20250929;230000;83.04;83.05;83.01;83.01;720
USDRUBF;60;20250930;080000;83.05;83.05;83.05;83.05;11
USDRUBF;60;20250930;090000;83.05;83.06;82.88;82.91;6306
USDRUBF;60;20250930;100000;82.91;83.22;82.88;83.04;23958
USDRUBF;60;20250930;110000;83.04;83.06;82.69;82.75;23465
USDRUBF;60;20250930;120000;82.75;82.8;82.57;82.58;34001
USDRUBF;60;20250930;130000;82.57;82.63;82.34;82.43;32554
USDRUBF;60;20250930;140000;82.43;82.52;82.35;82.5;11803
USDRUBF;60;20250930;150000;82.49;82.67;82.38;82.41;42492
USDRUBF;60;20250930;160000;82.41;82.44;82.09;82.13;32143
USDRUBF;60;20250930;170000;82.14;82.27;82.09;82.22;21563
USDRUBF;60;20250930;180000;82.23;82.33;82.15;82.3;10830
USDRUBF;60;20250930;190000;82.35;82.8;82.23;82.31;13163
USDRUBF;60;20250930;200000;82.3;82.34;82.24;82.27;2359
USDRUBF;60;20250930;210000;82.27;82.32;82.24;82.32;988
USDRUBF;60;20250930;220000;82.32;82.35;82.29;82.33;980
USDRUBF;60;20250930;230000;82.34;82.37;82.32;82.36;464
USDRUBF;60;20251001;080000;82.37;82.37;82.37;82.37;15
USDRUBF;60;20251001;090000;82.36;82.55;82.17;82.29;6365
USDRUBF;60;20251001;100000;82.27;82.36;81.62;81.74;43519
USDRUBF;60;20251001;110000;81.75;81.8;81.06;81.42;51065
USDRUBF;60;20251001;120000;81.41;81.57;81.25;81.57;32489
USDRUBF;60;20251001;130000;81.56;81.65;81.42;81.64;16394
USDRUBF;60;20251001;140000;81.64;81.85;81.59;81.68;17454
USDRUBF;60;20251001;150000;81.68;81.71;81.57;81.65;26949
USDRUBF;60;20251001;160000;81.67;81.68;81.25;81.33;27625
USDRUBF;60;20251001;170000;81.34;81.4;81.08;81.27;31054
USDRUBF;60;20251001;180000;81.27;81.55;81.21;81.45;22306
USDRUBF;60;20251001;190000;81.44;81.47;80.95;81.25;7705
USDRUBF;60;20251001;200000;81.24;81.36;81.19;81.31;4716
USDRUBF;60;20251001;210000;81.34;81.38;81.22;81.27;1650
USDRUBF;60;20251001;220000;81.25;81.3;81.17;81.26;2026
USDRUBF;60;20251001;230000;81.26;81.29;81.21;81.25;1025
USDRUBF;60;20251002;080000;81.25;81.25;81.25;81.25;15
USDRUBF;60;20251002;090000;81.24;81.39;80.83;80.91;17555
USDRUBF;60;20251002;100000;80.92;81.4;80.8;81.15;29499
USDRUBF;60;20251002;110000;81.15;81.16;80.95;81;11361
USDRUBF;60;20251002;120000;81.01;81.44;80.98;81.42;30644
USDRUBF;60;20251002;130000;81.42;81.57;81.39;81.52;27728
USDRUBF;60;20251002;140000;81.5;81.53;81.22;81.38;15327
USDRUBF;60;20251002;150000;81.37;81.5;81.27;81.37;14683
USDRUBF;60;20251002;160000;81.36;81.71;81.26;81.52;16677
USDRUBF;60;20251002;170000;81.52;81.52;81.13;81.24;30376
USDRUBF;60;20251002;180000;81.25;81.27;81.07;81.12;11917
USDRUBF;60;20251002;190000;81.16;81.27;80.81;80.96;15047
USDRUBF;60;20251002;200000;80.96;81.16;80.93;81.02;3846
USDRUBF;60;20251002;210000;81;81.12;80.98;81.07;2660
USDRUBF;60;20251002;220000;81.09;81.37;81.06;81.26;6531
USDRUBF;60;20251002;230000;81.26;81.29;81.15;81.19;1178
USDRUBF;60;20251003;080000;81.24;81.24;81.24;81.24;20
USDRUBF;60;20251003;090000;81.23;81.4;81.14;81.3;5518
USDRUBF;60;20251003;100000;81.3;81.64;81.21;81.6;25844
USDRUBF;60;20251003;110000;81.61;81.84;81.61;81.71;36153
USDRUBF;60;20251003;120000;81.71;82.32;81.71;82.25;42720
USDRUBF;60;20251003;130000;82.25;82.38;82.12;82.16;38217
USDRUBF;60;20251003;140000;82.15;82.48;82.11;82.48;15760
USDRUBF;60;20251003;150000;82.47;82.74;82.34;82.58;36152
USDRUBF;60;20251003;160000;82.58;82.59;82.24;82.26;23076
USDRUBF;60;20251003;170000;82.25;82.4;82.12;82.35;20483
USDRUBF;60;20251003;180000;82.35;82.56;82.15;82.53;20409
USDRUBF;60;20251003;190000;82.53;82.87;82.47;82.78;10813
USDRUBF;60;20251003;200000;82.79;82.85;82.69;82.78;5932
USDRUBF;60;20251003;210000;82.76;82.79;82.68;82.68;2987
USDRUBF;60;20251003;220000;82.68;82.72;82.65;82.68;1436
USDRUBF;60;20251003;230000;82.71;82.72;82.66;82.67;625
USDRUBF;60;20251006;080000;82.66;82.66;82.66;82.66;419
USDRUBF;60;20251006;090000;82.66;83.17;82.61;83.05;24088
USDRUBF;60;20251006;100000;83.07;83.2;82.82;83.05;37927
USDRUBF;60;20251006;110000;83.04;83.11;82.82;82.99;20290
USDRUBF;60;20251006;120000;82.98;83.2;82.94;83.1;14111
USDRUBF;60;20251006;130000;83.11;83.19;83.03;83.1;7998
USDRUBF;60;20251006;140000;83.1;83.14;83.05;83.09;8795
USDRUBF;60;20251006;150000;83.1;83.32;83.02;83.06;38077
USDRUBF;60;20251006;160000;83.06;83.15;82.73;82.85;34805
USDRUBF;60;20251006;170000;82.83;83.01;82.7;82.82;24342
USDRUBF;60;20251006;180000;82.81;82.85;82.52;82.52;14902
USDRUBF;60;20251006;190000;82.59;82.62;82.41;82.42;8466
USDRUBF;60;20251006;200000;82.41;82.54;82.41;82.52;2894
USDRUBF;60;20251006;210000;82.52;82.62;82.45;82.53;3464
USDRUBF;60;20251006;220000;82.56;82.56;82.49;82.54;585
USDRUBF;60;20251006;230000;82.54;82.58;82.46;82.5;1697
USDRUBF;60;20251007;080000;82.57;82.57;82.57;82.57;8
USDRUBF;60;20251007;090000;82.53;82.53;82.02;82.05;25681
USDRUBF;60;20251007;100000;82.05;82.05;81.63;81.9;48039
USDRUBF;60;20251007;110000;81.89;81.89;81.66;81.83;25570
USDRUBF;60;20251007;120000;81.84;82.13;81.81;82.13;20418
USDRUBF;60;20251007;130000;82.12;82.24;82.06;82.15;13349
USDRUBF;60;20251007;140000;82.13;82.21;81.98;81.99;13521
USDRUBF;60;20251007;150000;82;82.14;81.93;82.05;10348
USDRUBF;60;20251007;160000;82.06;82.14;81.96;82.12;11598
USDRUBF;60;20251007;170000;82.12;82.22;82.1;82.17;16127
USDRUBF;60;20251007;180000;82.16;82.31;82.09;82.12;11431
USDRUBF;60;20251007;190000;82.1;82.23;82.08;82.17;2221
USDRUBF;60;20251007;200000;82.15;82.18;82.08;82.17;947
USDRUBF;60;20251007;210000;82.14;82.16;82.09;82.13;591
USDRUBF;60;20251007;220000;82.13;82.26;82.11;82.23;1589
USDRUBF;60;20251007;230000;82.24;82.28;82.17;82.23;642
USDRUBF;60;20251008;080000;82.24;82.24;82.24;82.24;21
USDRUBF;60;20251008;090000;82.29;82.31;81.94;82.23;11359
USDRUBF;60;20251008;100000;82.22;82.23;81.65;81.83;32645
USDRUBF;60;20251008;110000;81.82;82.06;81.74;81.98;24242
USDRUBF;60;20251008;120000;82;82.11;81.76;81.82;16187
USDRUBF;60;20251008;130000;81.81;81.81;81.43;81.68;27557
USDRUBF;60;20251008;140000;81.66;81.8;81.57;81.8;8917
USDRUBF;60;20251008;150000;81.8;81.95;81.68;81.89;11196
USDRUBF;60;20251008;160000;81.89;81.89;81.57;81.66;18322
USDRUBF;60;20251008;170000;81.66;81.69;81.16;81.22;37555
USDRUBF;60;20251008;180000;81.22;81.41;81.19;81.26;19717
USDRUBF;60;20251008;190000;81.37;81.5;81.1;81.21;7596
USDRUBF;60;20251008;200000;81.21;81.36;81.16;81.23;4370
USDRUBF;60;20251008;210000;81.23;81.35;81.2;81.35;1629
USDRUBF;60;20251008;220000;81.33;81.42;81.28;81.37;1537
USDRUBF;60;20251008;230000;81.37;81.38;81.23;81.24;1120
USDRUBF;60;20251009;080000;81.3;81.3;81.3;81.3;345
USDRUBF;60;20251009;090000;81.3;81.57;81.12;81.41;13682
USDRUBF;60;20251009;100000;81.43;81.83;81.41;81.64;32195
USDRUBF;60;20251009;110000;81.63;81.64;81.41;81.59;13839
USDRUBF;60;20251009;120000;81.6;81.69;81.47;81.66;24945
USDRUBF;60;20251009;130000;81.66;81.74;81.52;81.65;23157
USDRUBF;60;20251009;140000;81.65;81.66;81.51;81.61;9531
USDRUBF;60;20251009;150000;81.6;81.61;81.5;81.55;8749
USDRUBF;60;20251009;160000;81.55;81.6;81.43;81.58;9704
USDRUBF;60;20251009;170000;81.59;81.6;81.26;81.36;18651
USDRUBF;60;20251009;180000;81.36;81.46;81.26;81.3;10330
USDRUBF;60;20251009;190000;81.42;81.59;81.4;81.47;4082
USDRUBF;60;20251009;200000;81.46;81.53;81.38;81.51;1633
USDRUBF;60;20251009;210000;81.52;81.59;81.51;81.57;1313
USDRUBF;60;20251009;220000;81.56;81.67;81.52;81.6;3355
USDRUBF;60;20251009;230000;81.58;81.65;81.54;81.54;601
USDRUBF;60;20251010;090000;81.62;82.02;81.57;81.65;15659
USDRUBF;60;20251010;100000;81.63;81.73;81.37;81.45;19449
USDRUBF;60;20251010;110000;81.47;81.53;81.35;81.49;9809
USDRUBF;60;20251010;120000;81.51;81.53;81.33;81.51;9820
USDRUBF;60;20251010;130000;81.5;81.52;81.39;81.45;3114
USDRUBF;60;20251010;140000;81.45;81.55;81.4;81.53;6430
USDRUBF;60;20251010;150000;81.53;81.55;81.47;81.52;3191
USDRUBF;60;20251010;160000;81.51;81.64;81.43;81.47;8829
USDRUBF;60;20251010;170000;81.45;81.49;81.1;81.45;16971
USDRUBF;60;20251010;180000;81.45;81.57;81.3;81.49;22599
USDRUBF;60;20251010;190000;81.54;81.88;81.54;81.8;10011
USDRUBF;60;20251010;200000;81.81;81.83;81.73;81.76;2748
USDRUBF;60;20251010;210000;81.76;81.78;81.61;81.65;3507
USDRUBF;60;20251010;220000;81.65;81.76;81.63;81.76;1506
USDRUBF;60;20251010;230000;81.74;81.79;81.65;81.72;1635
USDRUBF;60;20251013;080000;81.68;81.68;81.68;81.68;4
USDRUBF;60;20251013;090000;81.63;81.71;81.42;81.6;5618
USDRUBF;60;20251013;100000;81.61;81.61;81.03;81.07;24798
USDRUBF;60;20251013;110000;81.06;81.17;80.76;80.87;40729
USDRUBF;60;20251013;120000;80.85;80.96;80.72;80.91;19094
USDRUBF;60;20251013;130000;80.89;80.91;80.79;80.87;11064
USDRUBF;60;20251013;140000;80.85;80.88;80.76;80.87;8836
USDRUBF;60;20251013;150000;80.87;80.95;80.8;80.82;10465
USDRUBF;60;20251013;160000;80.82;80.82;80.48;80.65;20900
USDRUBF;60;20251013;170000;80.65;80.65;80.42;80.54;13772
USDRUBF;60;20251013;180000;80.55;80.56;80.34;80.37;27400
USDRUBF;60;20251013;190000;80.37;80.39;80.13;80.3;8768
USDRUBF;60;20251013;200000;80.29;80.31;80.24;80.27;1439
USDRUBF;60;20251013;210000;80.26;80.36;80.25;80.36;1725
USDRUBF;60;20251013;220000;80.36;80.39;80.2;80.25;5513
USDRUBF;60;20251013;230000;80.27;80.35;80.25;80.32;1771
USDRUBF;60;20251014;080000;80.33;80.33;80.33;80.33;51
USDRUBF;60;20251014;090000;80.33;80.38;80.03;80.03;18975
USDRUBF;60;20251014;100000;80.05;80.34;79.62;79.75;49693
USDRUBF;60;20251014;110000;79.74;79.98;79.64;79.91;21810
USDRUBF;60;20251014;120000;79.91;80.07;79.82;80.06;10938
USDRUBF;60;20251014;130000;80.06;80.16;79.93;80.06;11052
USDRUBF;60;20251014;140000;80.06;80.07;79.9;79.91;12704
USDRUBF;60;20251014;150000;79.9;80;79.8;79.94;16579
USDRUBF;60;20251014;160000;79.94;80.08;79.89;79.91;11709
USDRUBF;60;20251014;170000;79.91;80.08;79.87;79.97;11352
USDRUBF;60;20251014;180000;79.97;80.01;79.7;79.7;15044
USDRUBF;60;20251014;190000;79.7;79.76;79.51;79.62;10783
USDRUBF;60;20251014;200000;79.61;79.67;79.57;79.65;2221
USDRUBF;60;20251014;210000;79.65;79.69;79.62;79.66;1327
USDRUBF;60;20251014;220000;79.67;79.7;79.62;79.68;1658
USDRUBF;60;20251014;230000;79.68;79.78;79.62;79.78;2007
USDRUBF;60;20251015;080000;79.75;79.75;79.75;79.75;29
USDRUBF;60;20251015;090000;79.74;79.74;79.01;79.09;29590
USDRUBF;60;20251015;100000;79.08;79.34;78.86;78.97;31088
USDRUBF;60;20251015;110000;78.95;79.14;78.69;79.04;44329
USDRUBF;60;20251015;120000;79.04;79.2;78.98;79.07;17025
USDRUBF;60;20251015;130000;79.07;79.17;79.01;79.1;13377
USDRUBF;60;20251015;140000;79.1;79.11;78.97;79.03;9748
USDRUBF;60;20251015;150000;79.02;79.05;78.89;78.9;13107
USDRUBF;60;20251015;160000;78.9;78.92;78.7;78.73;23022
USDRUBF;60;20251015;170000;78.74;78.93;78.67;78.79;27739
USDRUBF;60;20251015;180000;78.79;78.98;78.7;78.76;22178
USDRUBF;60;20251015;190000;78.78;78.93;78.75;78.81;3463
USDRUBF;60;20251015;200000;78.8;78.89;78.71;78.77;2669
USDRUBF;60;20251015;210000;78.76;78.78;78.64;78.66;3142
USDRUBF;60;20251015;220000;78.68;78.69;78.44;78.47;9174
USDRUBF;60;20251015;230000;78.47;78.61;78.44;78.55;2963
USDRUBF;60;20251016;080000;78.55;78.55;78.55;78.55;32
USDRUBF;60;20251016;090000;78.52;78.54;78.02;78.37;27986
USDRUBF;60;20251016;100000;78.37;79.67;78.34;79.1;58856
USDRUBF;60;20251016;110000;79.11;79.25;78.82;78.88;23183
USDRUBF;60;20251016;120000;78.88;79.39;78.86;79.2;21487
USDRUBF;60;20251016;130000;79.22;79.54;79.22;79.43;19912
USDRUBF;60;20251016;140000;79.44;80.03;79.37;79.83;38073
USDRUBF;60;20251016;150000;79.84;80.52;79.75;80.24;52233
USDRUBF;60;20251016;160000;80.25;80.65;80.19;80.62;28137
USDRUBF;60;20251016;170000;80.63;80.67;79.98;80.09;49441
USDRUBF;60;20251016;180000;80.09;80.26;80.01;80.15;23378
USDRUBF;60;20251016;190000;80.19;80.45;80.15;80.37;7724
USDRUBF;60;20251016;200000;80.37;80.38;79.63;80.01;16227
USDRUBF;60;20251016;210000;80.03;80.06;79.72;80.04;6047
USDRUBF;60;20251016;220000;80.03;80.12;79.91;79.94;3515
USDRUBF;60;20251016;230000;79.92;80.32;79.85;80.28;6716
USDRUBF;60;20251017;080000;80.27;80.27;80.27;80.27;44
USDRUBF;60;20251017;090000;80.23;80.9;80.01;80.78;27212
USDRUBF;60;20251017;100000;80.82;81.37;80.76;81.02;61183
USDRUBF;60;20251017;110000;81.04;81.15;80.85;80.94;22848
USDRUBF;60;20251017;120000;80.94;81.5;80.93;81.32;25844
USDRUBF;60;20251017;130000;81.33;81.53;81.21;81.53;21029
USDRUBF;60;20251017;140000;81.5;81.76;81.41;81.75;17316
USDRUBF;60;20251017;150000;81.75;81.98;81.63;81.92;26604
USDRUBF;60;20251017;160000;81.91;81.98;81.62;81.86;24017
USDRUBF;60;20251017;170000;81.85;81.89;81.23;81.25;43782
USDRUBF;60;20251017;180000;81.25;81.49;81.21;81.45;19472
USDRUBF;60;20251017;190000;81.5;81.67;81.37;81.4;6701
USDRUBF;60;20251017;200000;81.38;81.57;81.31;81.54;3048
USDRUBF;60;20251017;210000;81.52;81.72;81.45;81.69;3555
USDRUBF;60;20251017;220000;81.67;81.69;81.45;81.49;3750
USDRUBF;60;20251017;230000;81.5;81.62;81.48;81.55;1045
USDRUBF;60;20251020;080000;81.5;81.5;81.5;81.5;1
USDRUBF;60;20251020;090000;81.54;81.73;80.99;81.24;23439
USDRUBF;60;20251020;100000;81.21;81.61;81.05;81.38;25249
USDRUBF;60;20251020;110000;81.39;81.5;81.31;81.36;10240
USDRUBF;60;20251020;120000;81.36;81.39;80.86;81.11;30082
USDRUBF;60;20251020;130000;81.1;81.25;81.06;81.15;11965
USDRUBF;60;20251020;140000;81.15;81.25;81;81.2;9736
USDRUBF;60;20251020;150000;81.2;81.23;80.99;81.01;10314
USDRUBF;60;20251020;160000;81;81.19;80.92;81.05;8912
USDRUBF;60;20251020;170000;81.05;81.2;80.92;81.07;24173
USDRUBF;60;20251020;180000;81.08;81.14;80.8;80.92;20658
USDRUBF;60;20251020;190000;80.9;81.06;80.83;80.93;7322
USDRUBF;60;20251020;200000;80.93;80.97;80.9;80.91;962
USDRUBF;60;20251020;210000;80.93;81.02;80.88;81;1764
USDRUBF;60;20251020;220000;81.01;81.02;80.85;80.85;1361
USDRUBF;60;20251020;230000;80.85;81.03;80.8;81;3065
USDRUBF;60;20251021;080000;81.05;81.05;81.05;81.05;74
USDRUBF;60;20251021;090000;81.01;81.46;80.77;81.28;14252
USDRUBF;60;20251021;100000;81.28;81.35;80.88;81.02;19758
USDRUBF;60;20251021;110000;81.02;81.6;80.99;81.41;27457
USDRUBF;60;20251021;120000;81.43;81.56;81.27;81.56;14322
USDRUBF;60;20251021;130000;81.56;81.99;81.46;81.79;27898
USDRUBF;60;20251021;140000;81.82;81.84;81.4;81.5;21790
USDRUBF;60;20251021;150000;81.5;81.59;81.24;81.51;15601
USDRUBF;60;20251021;160000;81.51;81.74;81.47;81.71;13573
USDRUBF;60;20251021;170000;81.7;81.72;81.38;81.58;27905
USDRUBF;60;20251021;180000;81.59;81.9;81.56;81.78;16891
USDRUBF;60;20251021;190000;81.78;81.86;81.69;81.81;3731
USDRUBF;60;20251021;200000;81.81;81.96;81.78;81.92;5669
USDRUBF;60;20251021;210000;81.92;81.95;81.89;81.93;2035
USDRUBF;60;20251021;220000;81.92;81.93;81.82;81.86;1907
USDRUBF;60;20251021;230000;81.88;81.88;81.63;81.69;3144
USDRUBF;60;20251022;080000;81.62;81.62;81.62;81.62;5
USDRUBF;60;20251022;090000;81.62;81.9;81.6;81.89;8355
USDRUBF;60;20251022;100000;81.86;82.59;81.83;82.43;43135
USDRUBF;60;20251022;110000;82.43;82.46;82.07;82.12;31615
USDRUBF;60;20251022;120000;82.11;82.28;82.02;82.14;17743
USDRUBF;60;20251022;130000;82.14;82.23;82.01;82.06;11428
USDRUBF;60;20251022;140000;82.03;82.06;81.61;81.77;31674
USDRUBF;60;20251022;150000;81.74;82.15;81.71;81.95;25025
USDRUBF;60;20251022;160000;81.94;81.95;81.53;81.76;22534
USDRUBF;60;20251022;170000;81.75;81.79;81.39;81.56;21835
USDRUBF;60;20251022;180000;81.55;81.61;81.29;81.42;21202
USDRUBF;60;20251022;190000;81.42;81.57;81.31;81.35;4662
USDRUBF;60;20251022;200000;81.35;81.41;81.33;81.35;890
USDRUBF;60;20251022;210000;81.35;81.41;81.33;81.35;1255
USDRUBF;60;20251022;220000;81.34;81.7;81.3;81.64;7201
USDRUBF;60;20251022;230000;81.64;81.94;81.57;81.79;7822
USDRUBF;60;20251023;080000;81.8;81.8;81.8;81.8;22
USDRUBF;60;20251023;090000;81.82;82.16;81.74;81.92;23749
USDRUBF;60;20251023;100000;81.92;81.94;81.21;81.32;45929
USDRUBF;60;20251023;110000;81.31;81.7;81.23;81.64;20765
USDRUBF;60;20251023;120000;81.63;81.66;81.42;81.6;13457
USDRUBF;60;20251023;130000;81.61;81.69;81.47;81.48;12042
USDRUBF;60;20251023;140000;81.48;81.6;81.35;81.52;18196
USDRUBF;60;20251023;150000;81.52;81.85;81.5;81.56;21429
USDRUBF;60;20251023;160000;81.56;81.61;81.42;81.59;7455
USDRUBF;60;20251023;170000;81.6;81.67;81.46;81.49;17270
USDRUBF;60;20251023;180000;81.49;81.6;81.45;81.51;9774
USDRUBF;60;20251023;190000;81.59;81.67;81.5;81.58;4498
USDRUBF;60;20251023;200000;81.58;81.63;81.52;81.58;1233
USDRUBF;60;20251023;210000;81.58;81.58;81.52;81.53;861
USDRUBF;60;20251023;220000;81.53;81.63;81.46;81.63;2672
USDRUBF;60;20251023;230000;81.64;81.66;81.51;81.59;1222
USDRUBF;60;20251024;080000;81.59;81.59;81.59;81.59;4
USDRUBF;60;20251024;090000;81.58;81.85;81.52;81.61;8486
USDRUBF;60;20251024;100000;81.6;81.67;81.1;81.37;34666
USDRUBF;60;20251024;110000;81.36;81.52;81.21;81.25;13941
USDRUBF;60;20251024;120000;81.25;81.32;81.22;81.29;6110
USDRUBF;60;20251024;130000;81.3;81.47;80.67;80.87;37340
USDRUBF;60;20251024;140000;80.86;81.06;80.25;80.86;63557
USDRUBF;60;20251024;150000;80.86;80.88;80.32;80.58;36620
USDRUBF;60;20251024;160000;80.59;80.72;80.21;80.28;20912
USDRUBF;60;20251024;170000;80.28;80.28;79.79;80.05;45939
USDRUBF;60;20251024;180000;80.04;80.11;79.86;79.99;17914
USDRUBF;60;20251024;190000;79.92;80.08;79.89;79.93;4942
USDRUBF;60;20251024;200000;79.93;80.04;79.92;80.04;3211
USDRUBF;60;20251024;210000;80.04;80.09;80;80.06;1648
USDRUBF;60;20251024;220000;80.05;80.08;79.93;79.93;2667
USDRUBF;60;20251024;230000;79.93;80.05;79.9;79.95;2385
USDRUBF;60;20251027;080000;80.03;80.03;80.03;80.03;51
USDRUBF;60;20251027;090000;80;80;79.43;79.51;21501
USDRUBF;60;20251027;100000;79.49;79.54;78.98;79.29;38110
USDRUBF;60;20251027;110000;79.3;79.42;79.18;79.28;16951
USDRUBF;60;20251027;120000;79.28;79.47;79.13;79.33;22147
USDRUBF;60;20251027;130000;79.33;79.33;79.17;79.3;10161
USDRUBF;60;20251027;140000;79.31;79.4;79.17;79.36;9626
USDRUBF;60;20251027;150000;79.37;79.52;79.3;79.44;18403
USDRUBF;60;20251027;160000;79.44;79.5;79.36;79.41;14094
USDRUBF;60;20251027;170000;79.43;79.46;79.21;79.26;21808
USDRUBF;60;20251027;180000;79.25;80.18;79.2;80.13;28059
USDRUBF;60;20251027;190000;80.04;80.12;79.7;79.95;20212
USDRUBF;60;20251027;200000;79.96;80.05;79.96;80.03;3235
USDRUBF;60;20251027;210000;80.02;80.08;79.92;80.02;1798
USDRUBF;60;20251027;220000;80.03;80.04;80.01;80.01;1040
USDRUBF;60;20251027;230000;80.01;80.02;79.87;79.95;2354
USDRUBF;60;20251028;080000;79.95;79.95;79.95;79.95;13
USDRUBF;60;20251028;090000;79.95;80.18;79.47;80.18;26851
USDRUBF;60;20251028;100000;80.18;80.4;79.7;80.06;29290
USDRUBF;60;20251028;110000;80.07;80.35;80.06;80.22;20539
USDRUBF;60;20251028;120000;80.2;80.3;79.94;80.13;14366
USDRUBF;60;20251028;130000;80.13;80.18;79.63;79.67;13230
USDRUBF;60;20251028;140000;79.68;79.77;79.5;79.56;21193
USDRUBF;60;20251028;150000;79.56;79.9;79.41;79.61;21987
USDRUBF;60;20251028;160000;79.61;79.65;79.5;79.54;7950
USDRUBF;60;20251028;170000;79.55;79.8;79.55;79.59;13358
USDRUBF;60;20251028;180000;79.59;79.62;79.39;79.54;9905
USDRUBF;60;20251028;190000;79.57;79.83;79.43;79.59;6828
USDRUBF;60;20251028;200000;79.59;79.69;79.56;79.69;1282
USDRUBF;60;20251028;210000;79.69;79.76;79.65;79.68;1337
USDRUBF;60;20251028;220000;79.7;79.73;79.64;79.71;895
USDRUBF;60;20251028;230000;79.7;79.79;79.7;79.74;827
USDRUBF;60;20251029;080000;79.8;79.8;79.8;79.8;4
USDRUBF;60;20251029;090000;79.8;79.99;79.61;79.73;5819
USDRUBF;60;20251029;100000;79.75;80.01;79.43;79.55;21532
USDRUBF;60;20251029;110000;79.54;79.69;79.45;79.63;11412
USDRUBF;60;20251029;120000;79.64;79.89;79.58;79.83;11403
USDRUBF;60;20251029;130000;79.84;80.23;79.77;80.13;31536
USDRUBF;60;20251029;140000;80.15;80.16;79.95;80.07;9605
USDRUBF;60;20251029;150000;80.09;80.09;79.8;79.97;14891
USDRUBF;60;20251029;160000;79.96;80.09;79.92;79.98;8209
USDRUBF;60;20251029;170000;79.98;80.04;79.82;79.95;22919
USDRUBF;60;20251029;180000;79.95;80.12;79.87;79.95;20788
USDRUBF;60;20251029;190000;80.05;80.15;80.02;80.09;3334
USDRUBF;60;20251029;200000;80.08;80.18;80.05;80.14;1153
USDRUBF;60;20251029;210000;80.15;80.16;80.05;80.1;1913
USDRUBF;60;20251029;220000;80.1;80.17;80.09;80.13;778
USDRUBF;60;20251029;230000;80.11;80.15;80.04;80.15;776
USDRUBF;60;20251030;090000;80.11;80.64;80.06;80.56;13763
USDRUBF;60;20251030;100000;80.56;80.9;80.31;80.69;32114
USDRUBF;60;20251030;110000;80.7;80.9;80.7;80.81;16306
USDRUBF;60;20251030;120000;80.81;80.95;80.72;80.93;8032
USDRUBF;60;20251030;130000;80.93;80.95;80.78;80.89;5514
USDRUBF;60;20251030;140000;80.88;81.08;80.7;80.76;13723
USDRUBF;60;20251030;150000;80.76;80.93;80.6;80.68;13246
USDRUBF;60;20251030;160000;80.7;80.75;80.51;80.67;10609
USDRUBF;60;20251030;170000;80.67;80.73;80.35;80.54;17344
USDRUBF;60;20251030;180000;80.54;80.75;80.45;80.69;14254
USDRUBF;60;20251030;190000;80.73;80.92;80.71;80.74;4674
USDRUBF;60;20251030;200000;80.77;80.84;80.72;80.73;1842
USDRUBF;60;20251030;210000;80.75;81.51;80.73;80.87;6480
USDRUBF;60;20251030;220000;80.87;80.92;80.86;80.87;3207
USDRUBF;60;20251030;230000;80.88;80.94;80.86;80.94;891
USDRUBF;60;20251031;080000;80.94;80.94;80.94;80.94;4
USDRUBF;60;20251031;090000;80.94;81.06;80.8;80.91;7496
USDRUBF;60;20251031;100000;80.89;81.33;80.73;81.05;32160
USDRUBF;60;20251031;110000;81.04;81.16;80.96;81.12;9076
USDRUBF;60;20251031;120000;81.13;81.2;81.06;81.07;13994
USDRUBF;60;20251031;130000;81.08;81.15;81.02;81.11;9075
USDRUBF;60;20251031;140000;81.1;81.3;81.06;81.2;7667
USDRUBF;60;20251031;150000;81.2;81.23;80.93;80.93;9780
USDRUBF;60;20251031;160000;80.93;81.04;80.74;80.77;30231
USDRUBF;60;20251031;170000;80.78;80.85;80.51;80.67;28324
USDRUBF;60;20251031;180000;80.68;80.78;80.52;80.67;10965
USDRUBF;60;20251031;190000;80.66;80.77;80.55;80.71;3364
USDRUBF;60;20251031;200000;80.7;80.82;80.64;80.69;3053
USDRUBF;60;20251031;210000;80.69;80.7;80.63;80.63;357
USDRUBF;60;20251031;220000;80.65;80.75;80.61;80.73;925
USDRUBF;60;20251031;230000;80.74;80.77;80.61;80.68;1273
USDRUBF;60;20251101;090000;80.65;80.74;80.41;80.41;2813
USDRUBF;60;20251101;100000;80.41;80.66;80.15;80.34;28897
USDRUBF;60;20251101;110000;80.34;80.45;80.25;80.45;6609
USDRUBF;60;20251101;120000;80.44;80.63;80.36;80.46;7003
USDRUBF;60;20251101;130000;80.45;80.53;80.4;80.4;2384
USDRUBF;60;20251101;140000;80.44;80.88;80.44;80.88;14005
USDRUBF;60;20251101;150000;80.89;80.96;80.8;80.89;10379
USDRUBF;60;20251101;160000;80.88;80.89;80.73;80.75;5973
USDRUBF;60;20251101;170000;80.75;80.98;80.7;80.95;17710
USDRUBF;60;20251101;180000;80.95;81.14;80.93;81.05;13469
USDRUBF;60;20251101;190000;80.98;81.05;80.88;80.93;3954
USDRUBF;60;20251101;200000;80.93;80.95;80.87;80.9;957
USDRUBF;60;20251101;210000;80.89;80.92;80.84;80.9;1125
USDRUBF;60;20251101;220000;80.91;80.92;80.89;80.92;460
USDRUBF;60;20251101;230000;80.91;80.92;80.89;80.89;362
USDRUBF;60;20251103;090000;80.86;81.08;80.75;80.89;8045
USDRUBF;60;20251103;100000;80.94;80.97;80.5;80.68;22090
USDRUBF;60;20251103;110000;80.67;80.77;80.57;80.64;16085
USDRUBF;60;20251103;120000;80.64;80.77;80.61;80.77;5253
USDRUBF;60;20251103;130000;80.76;80.76;80.38;80.39;15802
USDRUBF;60;20251103;140000;80.4;80.47;80.12;80.22;16472
USDRUBF;60;20251103;150000;80.21;80.37;80.18;80.3;6586
USDRUBF;60;20251103;160000;80.29;80.36;80.23;80.35;4990
USDRUBF;60;20251103;170000;80.35;80.35;80.23;80.24;4046
USDRUBF;60;20251103;180000;80.24;80.25;80;80.16;17526
USDRUBF;60;20251103;190000;80.06;80.12;80.02;80.05;5369
USDRUBF;60;20251103;200000;80.05;80.06;79.96;80.05;3390
USDRUBF;60;20251103;210000;80.02;80.2;80.02;80.2;2398
USDRUBF;60;20251103;220000;80.2;80.25;80.12;80.22;1588
USDRUBF;60;20251103;230000;80.22;80.25;80.15;80.21;818
USDRUBF;60;20251105;090000;80.21;80.54;80.11;80.51;9395
USDRUBF;60;20251105;100000;80.53;81.26;80.53;81.19;47280
USDRUBF;60;20251105;110000;81.2;81.41;81.12;81.19;34270
USDRUBF;60;20251105;120000;81.18;81.44;81.14;81.28;15595
USDRUBF;60;20251105;130000;81.28;81.75;81.28;81.69;29482
USDRUBF;60;20251105;140000;81.7;81.74;81.53;81.6;9614
USDRUBF;60;20251105;150000;81.59;81.64;81.44;81.52;6684
USDRUBF;60;20251105;160000;81.53;81.66;81.4;81.66;8243
USDRUBF;60;20251105;170000;81.67;81.68;81.48;81.5;8280
USDRUBF;60;20251105;180000;81.51;81.74;81.5;81.72;10633
USDRUBF;60;20251105;190000;81.73;81.88;81.7;81.76;5799
USDRUBF;60;20251105;200000;81.74;81.81;81.72;81.77;1840
USDRUBF;60;20251105;210000;81.77;81.83;81.69;81.8;1872
USDRUBF;60;20251105;220000;81.82;81.82;81.73;81.75;1019
USDRUBF;60;20251105;230000;81.74;81.75;81.67;81.69;1491
USDRUBF;60;20251106;090000;81.72;81.8;81.48;81.77;10068
USDRUBF;60;20251106;100000;81.77;81.91;81.27;81.52;29467
USDRUBF;60;20251106;110000;81.52;81.74;81.48;81.5;16299
USDRUBF;60;20251106;120000;81.49;81.6;81.3;81.32;20552
USDRUBF;60;20251106;130000;81.32;81.37;81.13;81.19;15664
USDRUBF;60;20251106;140000;81.18;81.42;81.15;81.37;5462
USDRUBF;60;20251106;150000;81.37;81.45;81.27;81.38;6081
USDRUBF;60;20251106;160000;81.36;81.38;81.13;81.22;10260
USDRUBF;60;20251106;170000;81.22;81.25;81.03;81.17;11278
USDRUBF;60;20251106;180000;81.16;81.37;81.13;81.3;8569
USDRUBF;60;20251106;200000;81.3;81.5;81.26;81.35;3565
USDRUBF;60;20251106;210000;81.36;81.44;81.32;81.41;605
USDRUBF;60;20251106;220000;81.41;81.47;81.39;81.42;753
USDRUBF;60;20251106;230000;81.42;81.48;81.42;81.45;676
USDRUBF;60;20251107;090000;81.45;81.68;81.35;81.53;12167
USDRUBF;60;20251107;100000;81.52;81.68;81.3;81.37;18126
USDRUBF;60;20251107;110000;81.35;81.45;81.2;81.36;15165
USDRUBF;60;20251107;120000;81.35;81.46;81.26;81.32;5968
USDRUBF;60;20251107;130000;81.36;81.38;81.29;81.3;3330
USDRUBF;60;20251107;140000;81.29;81.39;81.27;81.32;2812
USDRUBF;60;20251107;150000;81.31;81.35;81.22;81.26;6507
USDRUBF;60;20251107;160000;81.26;81.26;80.91;81.01;20688
USDRUBF;60;20251107;170000;81;81.03;80.9;80.96;15927
USDRUBF;60;20251107;180000;80.95;81.09;80.93;80.99;7842
USDRUBF;60;20251107;190000;81.05;81.09;80.97;81.06;2499
USDRUBF;60;20251107;200000;81.06;81.09;81.01;81.09;432
USDRUBF;60;20251107;210000;81.07;81.23;81.07;81.15;1608
USDRUBF;60;20251107;220000;81.15;81.2;81.12;81.15;389
USDRUBF;60;20251107;230000;81.16;81.18;81.11;81.11;824
USDRUBF;60;20251110;090000;81.16;81.3;80.94;81.07;12899
USDRUBF;60;20251110;100000;81.08;81.38;80.95;81.19;11628
USDRUBF;60;20251110;110000;81.19;81.34;81.16;81.22;6489
USDRUBF;60;20251110;120000;81.24;81.35;81.2;81.35;2901
USDRUBF;60;20251110;130000;81.35;81.5;81.23;81.45;10817
USDRUBF;60;20251110;140000;81.47;81.53;81.35;81.43;12852
USDRUBF;60;20251110;150000;81.44;81.73;81.41;81.61;13971
USDRUBF;60;20251110;160000;81.6;81.65;81.47;81.48;8940
USDRUBF;60;20251110;170000;81.48;81.58;81.37;81.37;13652
USDRUBF;60;20251110;180000;81.37;81.43;81.27;81.33;10527
USDRUBF;60;20251110;190000;81.36;81.51;81.36;81.48;3129
USDRUBF;60;20251110;200000;81.49;81.54;81.41;81.42;927
USDRUBF;60;20251110;210000;81.44;81.49;81.41;81.45;1081
USDRUBF;60;20251110;220000;81.44;81.53;81.44;81.52;291
USDRUBF;60;20251110;230000;81.49;81.5;81.41;81.42;1025
USDRUBF;60;20251111;090000;81.46;81.58;81.35;81.57;4978
USDRUBF;60;20251111;100000;81.55;82.02;81.47;81.81;26951
USDRUBF;60;20251111;110000;81.82;81.88;81.71;81.78;7004
USDRUBF;60;20251111;120000;81.78;81.78;81.55;81.67;7611
USDRUBF;60;20251111;130000;81.65;81.7;81.6;81.63;5633
USDRUBF;60;20251111;140000;81.64;81.66;81.48;81.61;11764
USDRUBF;60;20251111;150000;81.61;81.61;81.39;81.41;17968
USDRUBF;60;20251111;160000;81.4;81.4;81;81.08;26101
USDRUBF;60;20251111;170000;81.07;81.08;80.85;80.99;15965
USDRUBF;60;20251111;180000;80.99;81.17;80.94;81.02;11249
USDRUBF;60;20251111;190000;81.07;81.16;81.05;81.12;3437
USDRUBF;60;20251111;200000;81.12;81.21;81.11;81.13;1787
USDRUBF;60;20251111;210000;81.15;81.18;81.13;81.16;482
USDRUBF;60;20251111;220000;81.16;81.25;81.15;81.22;976
USDRUBF;60;20251111;230000;81.24;81.25;81.15;81.15;1075
USDRUBF;60;20251112;090000;81.19;81.28;81.15;81.18;2195
USDRUBF;60;20251112;100000;81.16;81.4;81.09;81.27;17651
USDRUBF;60;20251112;110000;81.28;81.45;81.23;81.41;12752
USDRUBF;60;20251112;120000;81.41;81.44;81.27;81.32;7605
USDRUBF;60;20251112;130000;81.33;81.45;81.29;81.39;3955
USDRUBF;60;20251112;140000;81.4;81.4;81.19;81.21;10752
USDRUBF;60;20251112;150000;81.21;81.26;81;81.13;13117
USDRUBF;60;20251112;160000;81.13;81.21;80.98;81.1;14136
USDRUBF;60;20251112;170000;81.09;81.18;81;81.18;15836
USDRUBF;60;20251112;180000;81.18;81.25;81.11;81.24;11002
USDRUBF;60;20251112;190000;81.24;81.24;81.01;81.11;7089
USDRUBF;60;20251112;200000;81.08;81.14;81.06;81.09;1370
USDRUBF;60;20251112;210000;81.09;81.12;81.06;81.09;924
USDRUBF;60;20251112;220000;81.11;81.11;81.07;81.11;752
USDRUBF;60;20251112;230000;81.1;81.17;81.06;81.06;1120
USDRUBF;60;20251113;090000;81.07;81.11;80.57;80.73;13282
USDRUBF;60;20251113;100000;80.76;80.98;80.7;80.8;30547
USDRUBF;60;20251113;110000;80.8;80.83;80.61;80.61;20138
USDRUBF;60;20251113;120000;80.62;80.8;80.46;80.71;38682
USDRUBF;60;20251113;130000;80.7;80.75;80.57;80.6;11368
USDRUBF;60;20251113;140000;80.59;80.61;80.48;80.57;23266
USDRUBF;60;20251113;150000;80.57;80.76;80.5;80.71;10527
USDRUBF;60;20251113;160000;80.7;81;80.68;80.94;13389
USDRUBF;60;20251113;170000;80.95;80.99;80.78;80.82;8883
USDRUBF;60;20251113;180000;80.8;81.02;80.8;80.96;8555
USDRUBF;60;20251113;190000;80.96;81.02;80.9;80.93;1768
USDRUBF;60;20251113;200000;80.91;80.95;80.88;80.89;437
USDRUBF;60;20251113;210000;80.9;81.01;80.87;80.98;1248
USDRUBF;60;20251113;220000;80.98;80.99;80.92;80.98;951
USDRUBF;60;20251113;230000;80.97;81.15;80.94;81.07;2060
USDRUBF;60;20251114;090000;81.1;81.75;80.98;81.38;34045
USDRUBF;60;20251114;100000;81.4;81.63;81.35;81.56;27376
USDRUBF;60;20251114;110000;81.57;81.7;81.35;81.42;19683
USDRUBF;60;20251114;120000;81.42;81.47;81.12;81.18;17137
USDRUBF;60;20251114;130000;81.19;81.27;81.11;81.21;6521
USDRUBF;60;20251114;140000;81.22;81.29;81.08;81.17;18154
USDRUBF;60;20251114;150000;81.19;81.25;81.03;81.18;19692
USDRUBF;60;20251114;160000;81.18;81.24;81;81.05;8020
USDRUBF;60;20251114;170000;81.04;81.18;81.01;81.06;17810
USDRUBF;60;20251114;180000;81.07;81.14;81.01;81.01;22146
USDRUBF;60;20251114;190000;81.03;81.17;81.03;81.13;3643
USDRUBF;60;20251114;200000;81.13;81.16;81.1;81.15;1120
USDRUBF;60;20251114;210000;81.15;81.17;81.12;81.14;784
USDRUBF;60;20251114;220000;81.15;81.21;81.14;81.21;409
USDRUBF;60;20251114;230000;81.19;81.28;81.17;81.22;802
USDRUBF;60;20251117;090000;81.24;81.7;81.24;81.37;8141
USDRUBF;60;20251117;100000;81.35;81.52;80.97;81.51;23970
USDRUBF;60;20251117;110000;81.51;81.65;81.49;81.55;12661
USDRUBF;60;20251117;120000;81.57;81.64;81.39;81.42;11854
USDRUBF;60;20251117;130000;81.42;81.44;81.33;81.41;5700
USDRUBF;60;20251117;140000;81.41;81.44;81.2;81.26;6764
USDRUBF;60;20251117;150000;81.24;81.4;81.19;81.33;8675
USDRUBF;60;20251117;160000;81.33;81.38;81.18;81.2;9746
USDRUBF;60;20251117;170000;81.2;81.25;81.05;81.05;15334
USDRUBF;60;20251117;180000;81.05;81.12;80.93;81;22238
USDRUBF;60;20251117;190000;81.05;81.25;81.04;81.19;7415
USDRUBF;60;20251117;200000;81.17;81.23;81.17;81.21;1048
USDRUBF;60;20251117;210000;81.19;81.24;81.19;81.21;557
USDRUBF;60;20251117;220000;81.21;81.33;81.21;81.3;1373
USDRUBF;60;20251117;230000;81.31;81.31;81.23;81.28;957
USDRUBF;60;20251118;090000;81.31;81.42;81.18;81.26;4834
USDRUBF;60;20251118;100000;81.26;81.26;81.03;81.18;18825
USDRUBF;60;20251118;110000;81.19;81.49;81.17;81.39;30855
USDRUBF;60;20251118;120000;81.38;81.46;81.26;81.37;8167
USDRUBF;60;20251118;130000;81.37;81.38;81.23;81.23;4606
USDRUBF;60;20251118;140000;81.26;81.33;81.14;81.28;6639
USDRUBF;60;20251118;150000;81.27;81.28;81.13;81.21;4227
USDRUBF;60;20251118;160000;81.21;81.32;81.12;81.27;7482
USDRUBF;60;20251118;170000;81.26;81.32;81.12;81.31;21195
USDRUBF;60;20251118;180000;81.31;81.32;81.19;81.21;9589
USDRUBF;60;20251118;190000;81.25;81.38;81.25;81.32;3710
USDRUBF;60;20251118;200000;81.33;81.34;81.27;81.27;1023
USDRUBF;60;20251118;210000;81.29;81.33;81.27;81.31;259
USDRUBF;60;20251118;220000;81.33;81.35;81.31;81.31;226
USDRUBF;60;20251118;230000;81.32;81.36;81.25;81.36;858
USDRUBF;60;20251119;090000;81.34;81.37;81.2;81.25;4235
USDRUBF;60;20251119;100000;81.22;81.28;81.11;81.12;10880
USDRUBF;60;20251119;110000;81.11;81.12;80.95;81.05;18094
USDRUBF;60;20251119;120000;81.04;81.07;80.88;80.92;6933
USDRUBF;60;20251119;130000;80.91;81.06;80.9;81.02;4656
USDRUBF;60;20251119;140000;81.02;81.05;80.83;80.89;6213
USDRUBF;60;20251119;150000;80.91;81.1;80.75;80.77;13266
USDRUBF;60;20251119;160000;80.77;80.88;80.59;80.76;15622
USDRUBF;60;20251119;170000;80.74;80.77;80.57;80.72;14015
USDRUBF;60;20251119;180000;80.71;80.78;80.46;80.55;17984
USDRUBF;60;20251119;190000;80.62;80.75;80.62;80.63;6184
USDRUBF;60;20251119;200000;80.64;80.66;80.61;80.64;1962
USDRUBF;60;20251119;210000;80.64;80.78;80.61;80.71;1028
USDRUBF;60;20251119;220000;80.71;80.84;80.69;80.81;1025
USDRUBF;60;20251119;230000;80.82;80.85;80.76;80.77;836
USDRUBF;60;20251120;090000;80.77;80.95;80.69;80.85;5694
USDRUBF;60;20251120;100000;80.88;80.99;80.77;80.85;13300
USDRUBF;60;20251120;110000;80.86;80.87;80.71;80.72;7873
USDRUBF;60;20251120;120000;80.74;80.75;80.46;80.53;10798
USDRUBF;60;20251120;130000;80.53;80.62;80.42;80.56;10650
USDRUBF;60;20251120;140000;80.56;80.61;80.37;80.61;10665
USDRUBF;60;20251120;150000;80.61;80.63;80.47;80.51;11639
USDRUBF;60;20251120;160000;80.51;80.53;80.19;80.21;9652
USDRUBF;60;20251120;170000;80.2;80.2;79.91;80.12;22095
USDRUBF;60;20251120;180000;80.12;80.26;80.01;80.14;21515
USDRUBF;60;20251120;190000;80.11;80.22;80.07;80.14;6607
USDRUBF;60;20251120;200000;80.13;80.19;79.89;79.95;4087
USDRUBF;60;20251120;210000;79.97;80.05;79.71;79.77;13477
USDRUBF;60;20251120;220000;79.76;79.82;79.68;79.68;6786
USDRUBF;60;20251120;230000;79.69;79.75;79.65;79.65;2814
USDRUBF;60;20251121;090000;79.7;79.88;79.58;79.72;15839
USDRUBF;60;20251121;100000;79.72;79.79;78.8;79.01;58949
USDRUBF;60;20251121;110000;79.02;79.03;78.77;78.96;18644
USDRUBF;60;20251121;120000;78.96;79.29;78.95;79.12;21016
USDRUBF;60;20251121;130000;79.14;79.24;79.08;79.19;8713
USDRUBF;60;20251121;140000;79.18;79.19;79.01;79.08;8965
USDRUBF;60;20251121;150000;79.08;79.25;79;79.06;12933
USDRUBF;60;20251121;160000;79.07;79.36;79.06;79.35;11191
USDRUBF;60;20251121;170000;79.35;79.4;79.28;79.38;13842
USDRUBF;60;20251121;180000;79.39;79.48;79.1;79.2;21626
USDRUBF;60;20251121;190000;79.27;79.42;79.24;79.27;3769
USDRUBF;60;20251121;200000;79.29;79.32;79.06;79.17;2735
USDRUBF;60;20251121;210000;79.17;79.24;79.17;79.2;787
USDRUBF;60;20251121;220000;79.2;79.25;79.14;79.19;978
USDRUBF;60;20251121;230000;79.19;79.3;79.15;79.25;1797
USDRUBF;60;20251124;090000;79.2;79.26;78.95;79.17;10192
USDRUBF;60;20251124;100000;79.17;79.4;78.68;79.09;33366
USDRUBF;60;20251124;110000;79.09;79.13;78.9;79.05;11248
USDRUBF;60;20251124;120000;79.05;79.09;78.88;78.98;13977
USDRUBF;60;20251124;130000;78.96;78.99;78.53;78.6;29216
USDRUBF;60;20251124;140000;78.6;78.82;78.59;78.73;20370
USDRUBF;60;20251124;150000;78.73;78.94;78.72;78.83;15272
USDRUBF;60;20251124;160000;78.84;78.88;78.66;78.75;9896
USDRUBF;60;20251124;170000;78.76;78.8;78.66;78.74;6422
USDRUBF;60;20251124;180000;78.73;78.79;78.63;78.73;13390
USDRUBF;60;20251124;190000;78.72;78.79;78.59;78.64;3605
USDRUBF;60;20251124;200000;78.65;78.77;78.59;78.7;1589
USDRUBF;60;20251124;210000;78.7;78.72;78.64;78.67;1460
USDRUBF;60;20251124;220000;78.65;78.74;78.65;78.72;1128
USDRUBF;60;20251124;230000;78.73;78.81;78.7;78.78;2212
USDRUBF;60;20251125;090000;78.72;78.75;78.58;78.62;7336
USDRUBF;60;20251125;100000;78.61;79.09;78.48;79.04;32629
USDRUBF;60;20251125;110000;79.04;79.07;78.89;79.01;13762
USDRUBF;60;20251125;120000;79.02;79.07;78.84;78.96;6930
USDRUBF;60;20251125;130000;78.96;79.5;78.96;79.46;28152
USDRUBF;60;20251125;140000;79.45;79.46;79.22;79.27;14567
USDRUBF;60;20251125;150000;79.27;79.43;79.19;79.3;11292
USDRUBF;60;20251125;160000;79.3;79.35;79.02;79.12;12677
USDRUBF;60;20251125;170000;79.12;79.12;78.84;78.84;15771
USDRUBF;60;20251125;180000;78.85;78.97;78.8;78.86;10181
USDRUBF;60;20251125;190000;78.91;78.92;78.68;78.79;11777
USDRUBF;60;20251125;200000;78.78;78.88;78.76;78.82;1451
USDRUBF;60;20251125;210000;78.84;79.06;78.82;78.92;3631
USDRUBF;60;20251125;220000;78.92;79.01;78.86;78.91;2685
USDRUBF;60;20251125;230000;78.9;79.02;78.87;79.02;1772
USDRUBF;60;20251126;090000;78.93;78.96;78.86;78.88;3141
USDRUBF;60;20251126;100000;78.89;79.1;78.64;78.76;17619
USDRUBF;60;20251126;110000;78.78;78.94;78.71;78.82;9869
USDRUBF;60;20251126;120000;78.81;78.82;78.71;78.71;8829
USDRUBF;60;20251126;130000;78.72;78.76;78.63;78.73;8646
USDRUBF;60;20251126;140000;78.72;78.89;78.69;78.85;4935
USDRUBF;60;20251126;150000;78.86;78.87;78.71;78.82;5879
USDRUBF;60;20251126;160000;78.81;78.82;78.67;78.77;4921
USDRUBF;60;20251126;170000;78.77;78.87;78.68;78.7;12399
USDRUBF;60;20251126;180000;78.7;78.75;78.64;78.69;16017
USDRUBF;60;20251126;190000;78.75;78.86;78.52;78.61;15530
USDRUBF;60;20251126;200000;78.62;78.7;78.59;78.67;1433
USDRUBF;60;20251126;210000;78.68;78.79;78.63;78.73;3408
USDRUBF;60;20251126;220000;78.73;78.75;78.67;78.72;851
USDRUBF;60;20251126;230000;78.71;78.74;78.65;78.7;938
USDRUBF;60;20251127;090000;78.66;78.84;78.59;78.61;9442
USDRUBF;60;20251127;100000;78.61;78.61;78.41;78.47;20102
USDRUBF;60;20251127;110000;78.46;78.47;78.24;78.28;14367
USDRUBF;60;20251127;120000;78.26;78.41;78.22;78.31;10438
USDRUBF;60;20251127;130000;78.3;78.45;78.26;78.43;8879
USDRUBF;60;20251127;140000;78.45;78.59;78.45;78.54;14414
USDRUBF;60;20251127;150000;78.54;78.66;78.52;78.6;11281
USDRUBF;60;20251127;160000;78.59;78.62;78.41;78.53;7235
USDRUBF;60;20251127;170000;78.53;78.62;78.46;78.53;20330
USDRUBF;60;20251127;180000;78.52;78.53;78.25;78.29;15034
USDRUBF;60;20251127;190000;78.31;78.48;78.31;78.35;4918
USDRUBF;60;20251127;200000;78.34;78.42;78.28;78.4;4310
USDRUBF;60;20251127;210000;78.41;78.43;78.39;78.4;387
USDRUBF;60;20251127;220000;78.4;78.43;78.37;78.37;761
USDRUBF;60;20251127;230000;78.38;78.4;78.35;78.37;482
USDRUBF;60;20251128;090000;78.35;78.64;78.33;78.58;5819
USDRUBF;60;20251128;100000;78.58;78.75;78.33;78.37;16822
USDRUBF;60;20251128;110000;78.38;78.43;78.22;78.39;14685
USDRUBF;60;20251128;120000;78.38;78.45;78.3;78.37;12049
USDRUBF;60;20251128;130000;78.37;78.39;78.24;78.39;13481
USDRUBF;60;20251128;140000;78.38;78.42;78.32;78.36;5494
USDRUBF;60;20251128;150000;78.36;78.4;78.25;78.27;10193
USDRUBF;60;20251128;160000;78.27;78.3;77.95;78.05;19611
USDRUBF;60;20251128;170000;78.04;78.04;77.55;77.63;42137
USDRUBF;60;20251128;180000;77.64;77.71;77.43;77.5;24343
USDRUBF;60;20251128;190000;77.53;77.74;77.53;77.63;7662
USDRUBF;60;20251128;200000;77.63;77.66;77.6;77.62;2984
USDRUBF;60;20251128;210000;77.61;77.62;77.56;77.59;2334
USDRUBF;60;20251128;220000;77.59;77.63;77.37;77.38;15263
USDRUBF;60;20251128;230000;77.39;77.65;77.37;77.43;9383
USDRUBF;60;20251201;090000;77.45;77.89;77.44;77.84;22139
USDRUBF;60;20251201;100000;77.84;78.03;77.71;77.75;25717
USDRUBF;60;20251201;110000;77.75;77.82;77.73;77.73;22387
USDRUBF;60;20251201;120000;77.74;77.89;77.71;77.79;11613
USDRUBF;60;20251201;130000;77.8;77.81;77.67;77.71;10530
USDRUBF;60;20251201;140000;77.73;77.8;77.73;77.74;9848
USDRUBF;60;20251201;150000;77.75;77.8;77.71;77.77;11173
USDRUBF;60;20251201;160000;77.77;77.82;77.52;77.62;15841
USDRUBF;60;20251201;170000;77.63;77.76;77.57;77.74;7862
USDRUBF;60;20251201;180000;77.74;77.82;77.63;77.77;18021
USDRUBF;60;20251201;190000;77.75;77.91;77.56;77.76;15299
USDRUBF;60;20251201;200000;77.77;77.82;77.76;77.82;2545
USDRUBF;60;20251201;210000;77.81;77.81;77.34;77.45;22244
USDRUBF;60;20251201;220000;77.43;77.56;77.4;77.51;3187
USDRUBF;60;20251201;230000;77.52;77.63;77.5;77.53;2379
USDRUBF;60;20251202;090000;77.56;77.57;77.4;77.49;5718
USDRUBF;60;20251202;100000;77.53;77.65;77.38;77.58;13802
USDRUBF;60;20251202;110000;77.59;77.67;77.5;77.56;6042
USDRUBF;60;20251202;120000;77.56;77.57;77.51;77.54;3370
USDRUBF;60;20251202;130000;77.54;77.59;77.52;77.56;2157
USDRUBF;60;20251202;140000;77.54;77.54;77.2;77.27;22069
USDRUBF;60;20251202;150000;77.26;77.43;77.23;77.29;14735
USDRUBF;60;20251202;160000;77.29;77.49;77.23;77.48;12398
USDRUBF;60;20251202;170000;77.48;77.52;77.36;77.48;15723
USDRUBF;60;20251202;180000;77.47;78.28;77.47;77.83;33634
USDRUBF;60;20251202;190000;77.86;78.22;77.86;78.05;12371
USDRUBF;60;20251202;200000;78.03;78.11;77.83;77.91;4907
USDRUBF;60;20251202;210000;77.91;77.95;77.63;77.73;4762
USDRUBF;60;20251202;220000;77.71;77.84;77.7;77.75;1526
USDRUBF;60;20251202;230000;77.74;77.8;77.63;77.8;2462
USDRUBF;60;20251203;090000;77.85;78.28;77.84;78.25;26642
USDRUBF;60;20251203;100000;78.23;78.25;77.93;77.99;18342
USDRUBF;60;20251203;110000;78;78.03;77.8;77.92;10471
USDRUBF;60;20251203;120000;77.91;77.92;77.5;77.57;17240
USDRUBF;60;20251203;130000;77.58;77.66;77.45;77.65;10677
USDRUBF;60;20251203;140000;77.66;77.76;77.62;77.68;8206
USDRUBF;60;20251203;150000;77.67;77.69;77.48;77.53;14968
USDRUBF;60;20251203;160000;77.52;77.61;77.38;77.47;19006
USDRUBF;60;20251203;170000;77.48;77.57;77.3;77.36;12579
USDRUBF;60;20251203;180000;77.34;77.34;76.99;77.1;58414
USDRUBF;60;20251203;190000;77.08;77.09;76.76;76.86;20186
USDRUBF;60;20251203;200000;76.85;76.86;76.68;76.83;7088
USDRUBF;60;20251203;210000;76.82;76.87;76.77;76.87;3380
USDRUBF;60;20251203;220000;76.85;76.93;76.84;76.92;3618
USDRUBF;60;20251203;230000;76.92;76.95;76.9;76.94;1750
USDRUBF;60;20251204;090000;76.89;77.07;76.66;76.79;23279
USDRUBF;60;20251204;100000;76.8;76.99;76.31;76.98;45007
USDRUBF;60;20251204;110000;76.98;77.07;76.82;77.01;22339
USDRUBF;60;20251204;120000;77.02;77.12;76.93;77.07;12793
USDRUBF;60;20251204;130000;77.09;77.14;76.77;77.03;25486
USDRUBF;60;20251204;140000;77.03;77.11;77;77.08;8702
USDRUBF;60;20251204;150000;77.07;77.25;77.02;77.05;19172
USDRUBF;60;20251204;160000;77.05;77.1;76.55;76.6;33803
USDRUBF;60;20251204;170000;76.6;76.68;76.12;76.4;60686
USDRUBF;60;20251204;180000;76.41;76.48;76.23;76.25;23829
USDRUBF;60;20251204;190000;76.26;76.33;76;76.02;9591
USDRUBF;60;20251204;200000;76.01;76.04;75.73;76;17468
USDRUBF;60;20251204;210000;76;76;75.55;75.72;20933
USDRUBF;60;20251204;220000;75.71;75.74;75.6;75.73;5760
USDRUBF;60;20251204;230000;75.7;75.93;75.7;75.82;5102
USDRUBF;60;20251205;090000;75.89;75.89;75.34;75.52;41919
USDRUBF;60;20251205;100000;75.53;76.33;75.53;76.2;55717
USDRUBF;60;20251205;110000;76.21;76.33;76.08;76.17;30686
USDRUBF;60;20251205;120000;76.18;76.19;75.92;76.06;19928
USDRUBF;60;20251205;130000;76.06;76.94;76.02;76.7;40085
USDRUBF;60;20251205;140000;76.7;77.23;76.68;77.06;45185
USDRUBF;60;20251205;150000;77.06;77.13;76.64;76.77;40380
USDRUBF;60;20251205;160000;76.76;76.95;76.59;76.86;40242
USDRUBF;60;20251205;170000;76.87;76.91;76.4;76.57;41184
USDRUBF;60;20251205;180000;76.57;76.65;76.32;76.36;20348
USDRUBF;60;20251205;190000;76.46;76.65;76.42;76.62;6419
USDRUBF;60;20251205;200000;76.62;76.76;76.61;76.69;3513
USDRUBF;60;20251205;210000;76.69;76.76;76.64;76.64;1885
USDRUBF;60;20251205;220000;76.64;76.75;76.62;76.69;1200
USDRUBF;60;20251205;230000;76.68;76.9;76.66;76.89;2444
USDRUBF;60;20251208;090000;76.78;77.4;76.74;77.09;33693
USDRUBF;60;20251208;100000;77.09;77.13;76.63;76.88;34053
USDRUBF;60;20251208;110000;76.88;77.05;76.75;76.95;19125
USDRUBF;60;20251208;120000;76.94;77;76.66;76.85;20364
USDRUBF;60;20251208;130000;76.87;76.87;76.65;76.73;14136
USDRUBF;60;20251208;140000;76.72;76.91;76.72;76.78;20044
USDRUBF;60;20251208;150000;76.78;76.96;76.72;76.76;16223
USDRUBF;60;20251208;160000;76.75;76.81;76.47;76.51;21307
USDRUBF;60;20251208;170000;76.51;76.89;76.44;76.88;23517
USDRUBF;60;20251208;180000;76.88;77;76.69;76.82;24887
USDRUBF;60;20251208;190000;76.8;76.95;76.69;76.89;18702
USDRUBF;60;20251208;200000;76.88;76.9;76.83;76.84;1208
USDRUBF;60;20251208;210000;76.85;77.05;76.83;76.96;5284
USDRUBF;60;20251208;220000;76.96;77.02;76.91;76.97;1658
USDRUBF;60;20251208;230000;76.98;77.04;76.95;76.95;1170
USDRUBF;60;20251209;090000;77.05;77.18;76.85;76.99;14276
USDRUBF;60;20251209;100000;76.97;77.08;76.78;76.79;27501
USDRUBF;60;20251209;110000;76.79;76.88;76.7;76.87;14294
USDRUBF;60;20251209;120000;76.86;76.98;76.82;76.95;13186
USDRUBF;60;20251209;130000;76.97;77.08;76.91;77.05;13311
USDRUBF;60;20251209;140000;77.04;77.5;77.01;77.37;21870
USDRUBF;60;20251209;150000;77.37;77.55;77.34;77.39;23494
USDRUBF;60;20251209;160000;77.38;77.46;77.26;77.39;12802
USDRUBF;60;20251209;170000;77.39;77.74;77.28;77.71;37105
USDRUBF;60;20251209;180000;77.7;77.91;77.62;77.73;33292
USDRUBF;60;20251209;190000;77.79;77.97;77.75;77.85;7519
USDRUBF;60;20251209;200000;77.83;77.9;77.77;77.89;3707
USDRUBF;60;20251209;210000;77.9;77.93;77.83;77.88;1910
USDRUBF;60;20251209;220000;77.89;77.89;77.59;77.62;7759
USDRUBF;60;20251209;230000;77.61;77.65;77.37;77.59;5568
USDRUBF;60;20251210;090000;77.6;78.05;77.59;77.96;13331
USDRUBF;60;20251210;100000;77.95;78;77.65;77.67;44409
USDRUBF;60;20251210;110000;77.68;77.77;77.49;77.55;22780
USDRUBF;60;20251210;120000;77.54;77.7;77.52;77.64;9550
USDRUBF;60;20251210;130000;77.63;78;77.63;77.87;18050
USDRUBF;60;20251210;140000;77.88;78.1;77.86;78.08;29146
USDRUBF;60;20251210;150000;78.08;78.41;77.93;78.3;34131
USDRUBF;60;20251210;160000;78.3;78.49;78.29;78.36;26580
USDRUBF;60;20251210;170000;78.37;78.82;78.17;78.79;35283
USDRUBF;60;20251210;180000;78.79;79.39;78.78;79.26;45399
USDRUBF;60;20251210;190000;79.27;79.32;79.06;79.15;13426
USDRUBF;60;20251210;200000;79.15;79.18;79.15;79.16;3184
USDRUBF;60;20251210;210000;79.16;79.2;79.04;79.07;2689
USDRUBF;60;20251210;220000;79.07;79.15;79.05;79.1;2217
USDRUBF;60;20251210;230000;79.11;79.15;79.07;79.08;2570
USDRUBF;60;20251211;090000;79.12;79.21;79.02;79.16;5815
USDRUBF;60;20251211;100000;79.16;79.16;78.67;79.08;47085
USDRUBF;60;20251211;110000;79.08;79.82;79.08;79.6;62308
USDRUBF;60;20251211;120000;79.6;79.8;79.55;79.58;21931
USDRUBF;60;20251211;130000;79.58;79.72;79.45;79.61;19915
USDRUBF;60;20251211;140000;79.64;79.73;79.57;79.68;14133
USDRUBF;60;20251211;150000;79.69;79.72;79.54;79.58;10605
USDRUBF;60;20251211;160000;79.6;79.68;79.36;79.66;30578
USDRUBF;60;20251211;170000;79.66;80.16;79.6;79.96;58732
USDRUBF;60;20251211;180000;79.97;80;79.73;79.73;13466
USDRUBF;60;20251211;190000;79.84;79.88;79.55;79.64;15365
USDRUBF;60;20251211;200000;79.63;79.86;79.58;79.74;3832
USDRUBF;60;20251211;210000;79.75;79.85;79.63;79.75;5618
USDRUBF;60;20251211;220000;79.72;79.78;79.61;79.62;2562
USDRUBF;60;20251211;230000;79.61;79.7;79.6;79.68;2298
USDRUBF;60;20251212;090000;79.67;79.69;79.41;79.53;17556
USDRUBF;60;20251212;100000;79.52;79.95;79.43;79.93;32353
USDRUBF;60;20251212;110000;79.91;80.1;79.89;80.02;25619
USDRUBF;60;20251212;120000;80.04;80.1;79.8;80.07;28411
USDRUBF;60;20251212;130000;80.07;80.1;79.97;80.06;16272
USDRUBF;60;20251212;140000;80.04;80.09;79.92;79.98;25906
USDRUBF;60;20251212;150000;79.98;80.04;79.94;80;7087
USDRUBF;60;20251212;160000;80.01;80.04;79.87;79.93;9206
USDRUBF;60;20251212;170000;79.93;79.93;79.51;79.57;27039
USDRUBF;60;20251212;180000;79.55;79.67;79.17;79.49;31705
USDRUBF;60;20251212;190000;79.54;79.76;79.5;79.67;11360
USDRUBF;60;20251212;200000;79.65;79.79;79.43;79.57;8521
USDRUBF;60;20251212;210000;79.57;79.7;79.57;79.62;6281
USDRUBF;60;20251212;220000;79.64;79.76;79.51;79.66;3550
USDRUBF;60;20251212;230000;79.66;79.7;79.61;79.64;1508
USDRUBF;60;20251215;090000;79.71;79.83;79.42;79.65;13852
USDRUBF;60;20251215;100000;79.64;79.71;79.33;79.59;26291
USDRUBF;60;20251215;110000;79.59;79.65;79.38;79.49;15466
USDRUBF;60;20251215;120000;79.49;79.57;79.3;79.55;19020
USDRUBF;60;20251215;130000;79.53;79.65;79.42;79.45;12790
USDRUBF;60;20251215;140000;79.45;79.48;79.2;79.33;25462
USDRUBF;60;20251215;150000;79.33;79.88;79.32;79.81;30240
USDRUBF;60;20251215;160000;79.82;79.95;79.44;79.5;30574
USDRUBF;60;20251215;170000;79.51;79.77;79.44;79.59;42909
USDRUBF;60;20251215;180000;79.6;79.86;79.53;79.73;18968
USDRUBF;60;20251215;190000;79.73;79.93;79.72;79.91;4800
USDRUBF;60;20251215;200000;79.91;79.91;79.72;79.8;1772
USDRUBF;60;20251215;210000;79.79;79.84;79.72;79.83;833
USDRUBF;60;20251215;220000;79.84;79.85;79.72;79.74;1094
USDRUBF;60;20251215;230000;79.75;79.79;79.71;79.71;997
USDRUBF;60;20251216;080000;79.7;79.7;79.7;79.7;1
USDRUBF;60;20251216;090000;79.77;79.81;79.65;79.75;2568
USDRUBF;60;20251216;100000;79.75;79.87;79.64;79.69;16632
USDRUBF;60;20251216;110000;79.69;79.75;79.59;79.61;11189
USDRUBF;60;20251216;120000;79.6;79.67;79.5;79.63;11565
USDRUBF;60;20251216;130000;79.63;79.78;79.57;79.74;14054
USDRUBF;60;20251216;140000;79.74;79.81;79.7;79.78;4728
USDRUBF;60;20251216;150000;79.81;79.81;79.73;79.74;4446
USDRUBF;60;20251216;160000;79.74;79.75;79.63;79.64;8252
USDRUBF;60;20251216;170000;79.65;79.67;79.49;79.5;18395
USDRUBF;60;20251216;180000;79.49;79.6;79.48;79.51;9193
USDRUBF;60;20251216;190000;79.55;79.67;79.55;79.66;3034
USDRUBF;60;20251216;200000;79.67;79.67;79.61;79.66;817
USDRUBF;60;20251216;210000;79.66;79.66;79.57;79.59;1183
USDRUBF;60;20251216;220000;79.59;79.67;79.58;79.61;995
USDRUBF;60;20251216;230000;79.62;79.65;79.58;79.63;382
USDRUBF;60;20251217;080000;79.64;79.64;79.64;79.64;20
USDRUBF;60;20251217;090000;79.64;79.89;79.59;79.85;8363
USDRUBF;60;20251217;100000;79.86;80.36;79.75;80.33;48211
USDRUBF;60;20251217;110000;80.34;80.59;80.27;80.54;26686
USDRUBF;60;20251217;120000;80.55;80.75;80.42;80.72;34866
USDRUBF;60;20251217;130000;80.72;80.94;80.58;80.64;31398
USDRUBF;60;20251217;140000;80.64;80.75;80.5;80.53;15238
USDRUBF;60;20251217;150000;80.52;80.59;80.39;80.57;17756
USDRUBF;60;20251217;160000;80.59;80.62;80.29;80.35;23070
USDRUBF;60;20251217;170000;80.34;80.47;80.18;80.4;30254
USDRUBF;60;20251217;180000;80.41;80.72;80.37;80.71;26395
USDRUBF;60;20251217;190000;80.72;80.72;80.59;80.62;6123
USDRUBF;60;20251217;200000;80.6;80.63;80.55;80.58;2084
USDRUBF;60;20251217;210000;80.58;80.75;80.54;80.71;3790
USDRUBF;60;20251217;220000;80.71;80.71;80.54;80.6;5734
USDRUBF;60;20251217;230000;80.6;80.68;80.56;80.6;1737
USDRUBF;60;20251218;080000;80.6;80.6;80.6;80.6;1
USDRUBF;60;20251218;090000;80.62;80.72;80.52;80.61;7879
USDRUBF;60;20251218;100000;80.64;80.82;80.41;80.48;29927
USDRUBF;60;20251218;110000;80.49;80.54;80.15;80.16;20137
USDRUBF;60;20251218;120000;80.15;80.39;80.06;80.25;29456
USDRUBF;60;20251218;130000;80.24;80.48;80.22;80.34;39095
USDRUBF;60;20251218;140000;80.34;80.36;80.18;80.33;14792
USDRUBF;60;20251218;150000;80.33;80.37;80.25;80.31;18596
USDRUBF;60;20251218;160000;80.3;80.33;80.17;80.27;12454
USDRUBF;60;20251218;170000;80.28;80.58;80.2;80.57;30341
USDRUBF;60;20251218;180000;80.58;80.73;80.51;80.51;32236
USDRUBF;60;20251218;190000;80.62;80.7;80.57;80.61;4603
USDRUBF;60;20251218;200000;80.62;81.11;80.62;80.96;17477
USDRUBF;60;20251218;210000;80.96;81.02;80.82;80.85;3673
USDRUBF;60;20251218;220000;80.87;80.9;80.84;80.86;818
USDRUBF;60;20251218;230000;80.86;80.98;80.85;80.95;1387
USDRUBF;60;20251219;080000;80.97;80.97;80.97;80.97;17
USDRUBF;60;20251219;090000;80.95;81.09;80.86;81;10692
USDRUBF;60;20251219;100000;81;81.6;80.9;81.44;47551
USDRUBF;60;20251219;110000;81.46;81.55;80.99;81.03;34287
USDRUBF;60;20251219;120000;81.04;81.3;80.93;80.95;17578
USDRUBF;60;20251219;130000;80.94;81.06;80.57;80.86;55404
USDRUBF;60;20251219;140000;80.88;81;80.58;80.8;89215
USDRUBF;60;20251219;150000;80.8;80.82;80.34;80.47;35057
USDRUBF;60;20251219;160000;80.44;80.44;80.22;80.26;25014
USDRUBF;60;20251219;170000;80.25;80.3;79.79;79.88;55261
USDRUBF;60;20251219;180000;79.87;80.01;79.83;79.97;25809
USDRUBF;60;20251219;190000;80.01;80.2;80.01;80.08;7972
USDRUBF;60;20251219;200000;80.07;80.34;80.01;80.09;3160
USDRUBF;60;20251219;210000;80.09;80.1;80.05;80.08;1661
USDRUBF;60;20251219;220000;80.07;80.07;80.03;80.04;647
USDRUBF;60;20251219;230000;80.04;80.08;79.96;80.02;1852
USDRUBF;60;20251222;080000;79.87;79.87;79.87;79.87;500
USDRUBF;60;20251222;090000;80.04;80.08;79.63;79.7;18543
USDRUBF;60;20251222;100000;79.7;79.87;79.53;79.83;22055
USDRUBF;60;20251222;110000;79.84;79.88;79.23;79.27;34179
USDRUBF;60;20251222;120000;79.26;79.33;79.16;79.3;58560
USDRUBF;60;20251222;130000;79.28;79.31;78.82;78.85;55683
USDRUBF;60;20251222;140000;78.84;79.21;78.76;79.18;36300
USDRUBF;60;20251222;150000;79.19;79.28;79.02;79.1;22738
USDRUBF;60;20251222;160000;79.1;79.23;79.04;79.1;10891
USDRUBF;60;20251222;170000;79.09;79.15;78.5;78.58;45217
USDRUBF;60;20251222;180000;78.58;78.9;78.47;78.69;40722
USDRUBF;60;20251222;190000;78.76;78.86;78.56;78.77;7439
USDRUBF;60;20251222;200000;78.77;78.86;78.67;78.7;1449
USDRUBF;60;20251222;210000;78.7;78.79;78.7;78.75;300
USDRUBF;60;20251222;220000;78.77;78.81;78.71;78.75;2087
USDRUBF;60;20251222;230000;78.74;78.78;78.68;78.7;1369
USDRUBF;60;20251223;080000;78.7;78.7;78.7;78.7;28
USDRUBF;60;20251223;090000;78.67;78.81;78.3;78.56;11129
USDRUBF;60;20251223;100000;78.59;78.97;78.54;78.75;55590
USDRUBF;60;20251223;110000;78.76;78.8;78.51;78.64;41628
USDRUBF;60;20251223;120000;78.64;78.72;78.49;78.67;41308
USDRUBF;60;20251223;130000;78.67;78.77;78.64;78.68;18663
USDRUBF;60;20251223;140000;78.68;78.74;78.37;78.46;21566
USDRUBF;60;20251223;150000;78.47;78.52;78.09;78.23;33971
USDRUBF;60;20251223;160000;78.23;78.38;78.15;78.16;17103
USDRUBF;60;20251223;170000;78.16;78.38;78.09;78.32;30364
USDRUBF;60;20251223;180000;78.32;78.49;78.17;78.4;15646
USDRUBF;60;20251223;190000;78.39;78.67;78.39;78.54;6424
USDRUBF;60;20251223;200000;78.55;78.56;78.43;78.49;2231
USDRUBF;60;20251223;210000;78.49;78.49;78.43;78.45;1008
USDRUBF;60;20251223;220000;78.46;78.46;78.3;78.4;3400
USDRUBF;60;20251223;230000;78.4;78.49;78.39;78.48;721
USDRUBF;60;20251224;080000;78.48;78.48;78.48;78.48;50
USDRUBF;60;20251224;090000;78.44;78.63;78.35;78.53;8601
USDRUBF;60;20251224;100000;78.52;78.62;78.26;78.44;26150
USDRUBF;60;20251224;110000;78.45;78.62;78.38;78.39;16153
USDRUBF;60;20251224;120000;78.39;78.91;78.37;78.79;35300
USDRUBF;60;20251224;130000;78.8;79.22;78.8;79.09;32187
USDRUBF;60;20251224;140000;79.11;79.25;78.96;79.22;24965
USDRUBF;60;20251224;150000;79.23;79.41;79.01;79.12;46000
USDRUBF;60;20251224;160000;79.11;79.15;78.71;78.79;30956
USDRUBF;60;20251224;170000;78.78;78.78;78.42;78.53;40847
USDRUBF;60;20251224;180000;78.54;78.65;78.44;78.56;12826
USDRUBF;60;20251224;190000;78.61;78.76;78.6;78.66;4187
USDRUBF;60;20251224;200000;78.66;78.73;78.59;78.61;1414
USDRUBF;60;20251224;210000;78.61;78.7;78.6;78.66;660
USDRUBF;60;20251224;220000;78.68;78.74;78.65;78.65;722
USDRUBF;60;20251224;230000;78.64;78.73;78.61;78.61;827
USDRUBF;60;20251225;080000;78.7;78.7;78.7;78.7;3
USDRUBF;60;20251225;090000;78.69;78.7;78.51;78.53;4526
USDRUBF;60;20251225;100000;78.55;78.59;78.15;78.36;26830
USDRUBF;60;20251225;110000;78.34;78.43;78.24;78.36;12450
USDRUBF;60;20251225;120000;78.34;78.39;78.01;78.1;21131
USDRUBF;60;20251225;130000;78.08;78.19;77.97;78.03;18669
USDRUBF;60;20251225;140000;78.03;78.3;77.94;78.21;16104
USDRUBF;60;20251225;150000;78.2;78.26;77.95;77.95;24808
USDRUBF;60;20251225;160000;77.95;78.05;77.79;77.86;17678
USDRUBF;60;20251225;170000;77.85;77.94;77.76;77.94;21852
USDRUBF;60;20251225;180000;77.93;77.96;77.81;77.9;17073
USDRUBF;60;20251225;190000;77.94;78.04;77.77;77.8;6082
USDRUBF;60;20251225;200000;77.8;77.89;77.78;77.8;2747
USDRUBF;60;20251225;210000;77.79;77.8;77.77;77.79;610
USDRUBF;60;20251225;220000;77.79;77.86;77.78;77.85;305
USDRUBF;60;20251225;230000;77.87;77.88;77.77;77.82;563
USDRUBF;60;20251226;080000;77.82;77.82;77.82;77.82;2
USDRUBF;60;20251226;090000;77.82;78;77.54;77.61;14170
USDRUBF;60;20251226;100000;77.62;78.29;77.37;78.16;72912
USDRUBF;60;20251226;110000;78.16;78.5;78.09;78.18;36989
USDRUBF;60;20251226;120000;78.19;78.21;77.67;77.81;20022
USDRUBF;60;20251226;130000;77.81;77.99;77.76;77.93;18620
USDRUBF;60;20251226;140000;77.95;77.97;77.85;77.89;6581
USDRUBF;60;20251226;150000;77.89;78.09;77.74;77.84;24393
USDRUBF;60;20251226;160000;77.84;77.89;77.52;77.65;37207
USDRUBF;60;20251226;170000;77.65;77.89;77.62;77.66;22488
USDRUBF;60;20251226;180000;77.66;77.87;77.66;77.7;15001
USDRUBF;60;20251226;190000;77.8;77.84;77.71;77.76;4349
USDRUBF;60;20251226;200000;77.76;77.83;77.76;77.78;1373
USDRUBF;60;20251226;210000;77.78;77.82;77.77;77.78;1087
USDRUBF;60;20251226;220000;77.78;77.8;77.74;77.76;750
USDRUBF;60;20251226;230000;77.76;77.8;77.72;77.72;907
USDRUBF;60;20251229;080000;77.82;77.82;77.82;77.82;107
USDRUBF;60;20251229;090000;77.85;78;77.79;77.98;12454
USDRUBF;60;20251229;100000;77.98;78.24;77.78;78.04;26627
USDRUBF;60;20251229;110000;78.04;78.06;77.65;77.72;15476
USDRUBF;60;20251229;120000;77.71;77.97;77.58;77.92;16105
USDRUBF;60;20251229;130000;77.92;78.06;77.86;77.87;8350
USDRUBF;60;20251229;140000;77.9;78.1;77.88;78.1;8271
USDRUBF;60;20251229;150000;78.1;78.47;78.1;78.41;21949
USDRUBF;60;20251229;160000;78.42;78.47;78.06;78.1;20856
USDRUBF;60;20251229;170000;78.08;78.24;77.95;78.02;14101
USDRUBF;60;20251229;180000;78;78.39;77.96;78.3;20390
USDRUBF;60;20251229;190000;78.22;78.5;78.22;78.34;6815
USDRUBF;60;20251229;200000;78.33;78.47;78.31;78.36;2836
USDRUBF;60;20251229;210000;78.36;78.42;78.3;78.35;2382
USDRUBF;60;20251229;220000;78.36;78.39;78.32;78.35;1434
USDRUBF;60;20251229;230000;78.35;78.44;78.3;78.32;1214
USDRUBF;60;20251230;080000;78.33;78.33;78.33;78.33;13
USDRUBF;60;20251230;090000;78.38;78.4;78.22;78.28;4327
USDRUBF;60;20251230;100000;78.27;78.92;78.07;78.67;48307
USDRUBF;60;20251230;110000;78.68;78.72;78.3;78.43;25953
USDRUBF;60;20251230;120000;78.42;78.51;78.19;78.23;36631
USDRUBF;60;20251230;130000;78.22;78.43;78.22;78.41;18786
USDRUBF;60;20251230;140000;78.42;78.77;78.23;78.74;22236
USDRUBF;60;20251230;150000;78.75;78.9;78.62;78.87;22350
USDRUBF;60;20251230;160000;78.86;79.09;78.84;79;22703
USDRUBF;60;20251230;170000;79;79.12;78.69;78.73;22572
USDRUBF;60;20251230;180000;78.72;78.9;78.64;78.84;21009
USDRUBF;60;20251230;190000;78.85;79.01;78.79;78.92;8609
USDRUBF;60;20251230;200000;78.9;78.94;78.88;78.89;3169
USDRUBF;60;20251230;210000;78.92;78.97;78.85;78.95;2224
USDRUBF;60;20251230;220000;78.93;78.96;78.89;78.91;584
USDRUBF;60;20251230;230000;78.94;78.98;78.81;78.93;1365
